ID,Content
1,"pasuvaïṇo rosāruṇapaḍimāsaṃkaṃtagorimuhaaṃdam
gahiagghapaṃkaaṃ mia saṃjhāsalilaṃjaliṃ ṇamaha"
2,"amiaṃ pāuakavvaṃ paḍhiuṃ souṃ ca je ṇa āṇaṃti
kāmassa tattatattiṃ kuṇaṃti te kaha ṇa lajjaṃti"
3,"satta saāiṃ kaïvacchaleṇa koḍīa majjhaārammi
hāleṇa viraïāiṃ sālaṃkārāṇa gāhāṇaṃ"
4,"ua ṇiccalaṇippaṃdā bhisiṇīvattammi rehaï valāā
nimmalamaragaabhāaṇapariṭṭhiā saṃkhasutti vva"
5,"tāva ccia raïsamae mahilāṇaṃ vibbhamā virāaṃti
jāva ṇa kuvalaadalasacchahāi maülaṃti ṇaaṇāiṃ"
6,"ṇohaliam appaṇo kiṃ ṇa maggase maggase kuravaassa
eaṃ khu suhaa tuha hasaï valiamuhapaṃkaaṃ jāā"
7,"tāvijjaṃti asoehi laḍahavilaāu daïavirahammi
kiṃ sahaï ko vi kassa vi pāapahāraṃ pahuppaṃto"
8,"attā taha ramaṇijjaṃ aṃhaṃ gāmassa maṃḍaṇīhūaṃ
luatilavāḍisaricchaṃ sisireṇakaaṃ bhisiṇisaṃḍaṃ"
9,"kiṃ ruasi oṇaamuhī dhavalāaṃtesu sālichettesu
hariālamaṃḍiamuhī ṇaḍi vva saṇavāḍiā jāā"
10,"sahi erisi ccia gaī mā ruvvasu taṃsavaliamuhaaṃdaṃ
eāṇa vālavāluṃkitaṃtukuḍilāṇa pemmāṇaṃ"
11,"pāapaḍiassa païṇo puṭṭhiṃ putte samāruhaṃtammi
daḍhamaṇṇudūmiāi vihāso ghariṇīa ṇikkaṃto"
12,"saccaṃ jāṇaï daṭṭhaṃ sarisammi jaṇammi jujjae rāo
maraü ṇa tumaṃ bhaṇissaṃ maraṇaṃ pi salāhanijjaṃ se"
13,"raṃdhaṇakammaṇiuṇie mā jūrasu rattapāḍalasuaṃdhaṃ
muhamāruaṃ piaṃto dhūmāi sihī ṇa pajjalaï"
14,"ghariṇīa mahāṇasakammalaggamasimaïlieṇa hattheṇa
chittaṃ muhaṃ hasijjaï caṃdāvatthaṃ gaaṃ païṇā"
15,"kiṃ kiṃ de paḍihāsaï sahīhi ia pucchiāi muddhāe
paḍhamuggaadohaliṇīa ṇavara daïaṃ gaā diṭṭhī"
16,"amaamaa gaaṇasehara raaṇīmukhatilaa caṃda de chivasu
chitto jehi jiaamo mamaṃ pi tehiṃ cia karehiṃ"
17,"ehijja so paüttho ahaaṃ kuppejja so vi aṇuṇejja
ia kassa vi phalaï maṇoramāṇa mālā piaamammi"
18,"duggaakuḍaṃvaaṭṭhī kaha ṇu mae dhoieṇa soḍhavvā
dasiosaraṃtasalileṇa uaha ruṇṇaṃ va paḍaeṇa"
19,"kosaṃvakisalavaṇṇaa taṇṇaa uṇṇāmiehi kaṇṇehiṃ
hiaaṭṭhiaṃ gharaṃ vaccamāṇa dhavalattaṇaṃ pāva"
20,"aliapasuttaa viṇimīliaccha de suhaa majjha oāsaṃ
gaṃḍapariuṃ vaṇāpulaïaṃga ṇa puṇo cirāissaṃ"
21,"asamatta maṃḍaṇa ccia vacca gharaṃ se sakouhallassa
volāviahalahalaassa putti citte ṇa laggihisi"
22,"āarapaṇāmioṭṭaṃ aghaḍiaṇāsaṃ asaṃhaaṇiḍālaṃ
vaṇṇaghialittamuhie tīe pariuṃvaṇaṃ bharimo"
23,"āṇāsaāi deṃtī taha surae harisaviasiakavolā
gose vi oṇaamuhī aha se tti piaṃ ṇa saddhahimo"
24,"piaviraho appiadaṃsaṇaṃ ca garuāi do vi dukkhāi
jīa tumaṃ kārijjasi tīa ṇamo āhijāīe"
25,"ekko vi kālasāro ṇa dei gaṃtuṃ paāhiṇa calaṃto
kiṃ uṇa vāhāuliaṃ loaṇajualaṃ piaamāe"
26,"ṇa kuṇaṃto ccia māṇaṃ ṇisāsu suhasuttadaravivuddhānaṃ
suṇṇaïapāsaparimusaṇaveaṇaṃ jaï si jānaṃto"
27,"paṇaakuviāṇa doṇha vi aliapasuttāṇa māṇaïllāṇa
ṇiccalaṇiruddhaṇīsāsadiṇṇaaṇṇāṇa ko mallo"
28,"ṇavalaïpaharaṃ aṃge jahiṃ jahiṃ mahaï dearo dāuṃ
romaṃca daṃdarāī tahiṃ tahiṃ dīsaï vahūe"
29,"ajja mae teṇa viṇā aṇuhūasuhāi saṃbharaṃtīe
ahiṇavamehāṇa ravo ṇisāmio vajjhapaḍato vva"
30,"ṇikkiva jāābhīrua duddaṃsaṇa ṇiṃvakīḍasāriccha
gāmo gāmaṇiṇaṃdaṇa tujjha kae taha vitaṇuāi"
31,"paharavaṇamaggavisame jāā kiccheṇa lahaï se ṇiddaṃ
gāmaṇiuttassa ure pallī uṇa se suhaṃ suaï"
32,"aha saṃbhāviamaggo suhaa tue ccea ṇavara ṇivvūḍho
eṇhiṃ hiae aṇṇaṃ aṇṇaṃ vāāi loassa"
33,"uṇhāi ṇīsasaṃto kīsa maha paraṃmuhīa saaṇaddhe
hiaaṃ palīviuṃ aṇusaeṇa puṭṭhiṃ palīvesi"
34,"tuha virahe ciraāraa tissā ṇivaḍaṃtavāhamaïleṇa
raïrahasiharadhaeṇa va muheṇa chāhi ccia ṇa pattā"
35,"diarassa asuddhamaṇassa kulavahūṇiaakuḍḍalihiāi
diahaṃ kahei rāmāṇulaggasomitticariāiṃ"
36,"cattaraghariṇī piadaṃsaṇā a taruṇī paütthavaïāa
asaī saajjiāduggaā a ṇaha khaṃḍiaṃ sīlaṃ"
37,"tālūrabhamāulakhuḍiakesaro giriṇaīapūreṇa
daravuḍḍavuḍḍaṇivvuḍḍamahuaro hīlaï kalaṃvo"
38,"ahiāimāṇiṇo duggaassa chāiṃ païssa rakkhaṃhī
ṇiavaṃdhavāṇa jūraï ghariṇī vihaveṇa eṃtāṇaṃ"
39,"sāhīṇe vi piaame patte vi chaṇe ṇa maṃḍio appā
duggaapaütthavaïaṃ saajjiaṃ saṃṭhavaṃtīe"
40,"tujjha vasaï tti hiaaṃ imehi diṭṭho tumaṃ ti acchīiṃ
tuha virahe kisiāi ti tīe aṃgāi vi piāiṃ"
41,"sabbhāvaṇe habharie ratte rajjijjaï tti juttam iṇaṃ
aṇahiae uṇa hiaaṃ jaṃ dijjaï taṃ jaṇo hasaï"
42,"āraṃbhaṃtassa dhuaṃ lacchī maraṇaṃ va hoi purisassa
taṃ maraṇam aṇāraṃbhe vi hoi lacchī uṇa ṇa hoi"
43,"virahāṇalo sahijjaï āsāvaṃdheṇa vallahajaṇassa
ekkaggāmapavāso māe maraṇaṃ visesei"
44,"akkhaḍaï piā hiae aṇṇaṃ mahilāaṇaṃ ramaṃtassa
diṭṭhe sarisammi guṇe sarisammi guṇe aīsaṃte"
45,"ṇaïpūrasacchahe jovvaṇammi aïpavasiesudiahesu
aṇiattāsu a rāīsu putti kiṃ daḍḍhamāṇeṇa"
46,"kallaṃ kira kharatiao pavasihaï pio tti suvvaï jaṇammi
taha vaḍḍha bhaavaï ṇise jaha se kallaṃ cia ṇa hoi"
47,"hoṃtapahiassa jāā āucchaṇajīadhāraṇarahassaṃ
pucchaṃtī bhamaï gharaṃ ghareṇa piavirahasahirīo"
48,"aṇṇamahilāpasaṃgaṃ de devva karesu amha daïassa
purisā ekkaṃtarasā ṇa hu dosaguṇe viāṇaṃti"
49,"thoaṃ pi ṇa ṇīi imā majjhaṇhe ua sarīratalalukkā
āavabhaeṇa chāhī vi tā pahia kiṃ ṇa vīsamasī"
50,"suhaücchaaṃ jaṇaṃ dullahaṃ pi dūrāhi amha āṇeṃta
uaāraa jara jīaṃ pi ṇeṃta ṇa kaāvarāhosi"
51,"āma jaro me maṃdo ahava ṇa maṃdo jaṇassa kā tattī
suhaücchaa suhaa suaṃdhagaṃdha mā gaṃdhiriṃ chivasu"
52,"sihipicchaluliakese vevaṃtoru viṇimīliaddhacchī
darapurisāini visamiri jāṇasu purisāṇa jaṃ dukkhaṃ"
53,"pemmassa virohiasaṃdhiassa paccakkhadiṭṭhaviliassa
uaassa va tāviasīalassa viraso raso hoi"
54,"vajjavaḍanāirikkaṃ païṇo soūṇa siṃjiṇīghosaṃ
pusiāi karimarīe sarivaṃdīṇaṃ pi acchīiṃ"
55,"karimari aālagajjirajalaāsaṇivaḍaṇapaḍiravo eso
païṇo dhaṇurava kaṃkhiri romaṃcaṃ kiṃ muhā vahasi"
56,"sahaï sahaï tti teṇa tahā ramiā suraaduvviaḍḍeṇa
pavvāasirīsāi va jaha se jāāi aṃgāiṃ"
57,"agaṇiasesajuāṇā vālaa volīṇaloamajjāā
aha sā bhamaï disāmuhapasāriacchī tuha kaeṇa"
58,"ajjaṃ cea paüttho ujjāgarao jaṇassa ajjea
ajjea haliddāpiṃjarāi golāi tūhāiṃ"
59,"asarisacitte diare suddhamaṇā piaame visamasīle
ṇa kahaï kuḍuṃvavihaḍaṇabhaeṇa taṇuāae soṇhā"
60,"ciṃtāṇiadaïasamāgamammi kaamaṇṇuāi bhariūṇa
suṇṇaṃ kalahā aṃtī sahīhi ruṇṇā ṇa ohasiā"
61,"hiaaṇṇuehi samaaṃ asamattāiṃ pi jaha suhāveṃti
kajjāi maṇe ṇa tahā iarehi samāṇiāiṃ pi"
62,"daraphuḍiasippisaṃpuḍaṇilukkahālāhalaggacheppaṇihaṃ
pikkaṃvaṭṭhiviṇiggaakomalam aṃvaṃkuraṃ uaha"
63,"uaha paḍalaṃtaroiṇṇaṇiaataṃtuddhapāapaḍilaggaṃ
dullakkhasuttagutthekkavaülakusumaṃ va makkaḍaaṃ"
64,"uaridaraḍiṭṭhakhaṇṇuaṇilukkapārāvaāṇa viruehiṃ
ṇitthaṇaï jāaviaṇaṃ sūlāhiṇṇaṃ va devaülaṃ"
65,"jaï hosi ṇa tassa piā aṇudiahaṃ ṇīsahehi aṃgehiṃ
ṇavasūapīapeosamattapāḍi vva kiṃ suasi"
66,"hemaṃtiāsu aïdīharāsu rāīsu taṃ si aviṇiddā
ciraarapaütthavaïe ṇa suṃdaraṃ jaṃ diā suasi"
67,"jaï cikkhillabhaüppuapaam iṇam alasāi tuha pae diṇṇaṃ
tā suhaa kaṃḍaïjjaṃtam aṃgam eṇhiṃ kiṇo vahasi"
68,"patto chaṇo ṇa sohaï aïppahāe vva puṇṇimāaṃdo
aṃtaviraso vva kāmo asaṃpaāṇo a parioso"
69,"pāṇiggahaṇe ccia pavvaīa ṇāaṃ sahīhi sohaggaṃ
pasuvaïṇā vāsuikaṃkaṇammi osārie dūraṃ"
70,"giṃhe davaggimasimaïliāi dīsaṃti viṃjhasiharāiṃ
āsasu paütthavaïe ṇa hoṃti ṇavapāusabbhāiṃ"
71,"jettiamettaṃ tīraï ṇivvoḍhuṃ desu tettiaṃ paṇaaṃ
ṇa jaṇo viṇiattapasāadukkhasahaṇakkhamo savvo"
72,"vahuvallahassa jā hoi vallahā kaha vi paṃca diahāiṃ
sā kiṃ chaṭṭhaṃ maggaï katto miṭṭhaṃ ca vahuaṃ ca"
73,"jaṃ jaṃ so ṇijjhāaï aṃgoāsaṃ mahaṃ aṇimisaccho
pacchāemi a taṃ taṃ icchāmi a teṇa dīsaṃtaṃ"
74,"daḍhamaṇṇudūmiāi vi gahio daïammi pechaha imīe
osaraï vāluāmuṭṭhio vva māṇo surasuraṃto"
75,"ua pommarāamaragaasaṃvaliā ṇahaalāu oaraï
ṇahasirikaṃṭhabbhaṭṭha vva kaṃṭhiā kīrariṃcholī"
76,"ṇa vi taha viesavāso doggaccaṃ maha jaṇei saṃtāvaṃ
āsaṃsiatthavimuho jaha paṇaïaṇo ṇiattaṃto"
77,"khaṃdhaggiṇā vaṇesuṃ taṇehi gāmammi rakkhio pahio
ṇaaravasio ṇaḍijjaï sāṇusaeṇa vva sīeṇa"
78,"bharimo se gahiāharadhuasīsapaholirālaāuliaṃ
vaaṇaṃ parimalataraliabhamarālipaïṇṇakamalaṃ va"
79,"hallaphalaṇhāṇapasāhiāṇa chaṇavāsare savattīṇa
ajjāi majjaṇāṇāareṇa kahiaṃ va sohaggaṃ"
80,"ṇhāṇahaliddābhariaṃtarāi jālāi jālavalaassa
sohaṃti kiliṃciakaṃṭaeṇa kaṃ kāhisi kaatthaṃ"
81,"addaṃsaṇeṇa pemmaṃ avei aïdaṃsaṇeṇa vi avei
pisuṇajaṇakaṃpieṇa vi avei emea vi avei"
82,"addaṃsaṇeṇa mahilāaṇassa aïdaṃsaṇeṇa ṇīassa
mukkhassa pisuṇaaṇajaṃpieṇa emea vi khalassa"
83,"poṭṭapaḍiehi dukkhaṃ acchijjaï uṇṇaehi hoūṇa
ia ciṃtaṃtāṇa maṇe thaṇāṇa kasaṇaṃ muhaṃ jāaṃ"
84,"so tujjha kae suṃdari taha jhīṇo sumahilo haliaütto
jaha se macchariṇīa vi doccaṃ jāāi paḍivaṇṇaṃ"
85,"dakkhiṇṇeṇa vi eṃto suhaa suhāvesi aṃha hiaāiṃ
ṇikkaïaveṇa jāṇaṃ gao si kā ṇivvuī tāṇaṃ"
86,"ekkaṃ paharugghāaṃ hatthaṃ muhamārueṇa vīaṃto
so vi hasaṃtīa mae gahio vīeṇa kaṃṭhammi"
87,"avalaṃviamāṇaparaṃmuhīa eṃtassa māṇini piassa
puṭṭhipulaüggamo tuha kahei samuhaṭṭhiaṃ hiaaṃ"
88,"jānaï jāṇāveuṃ aṇuṇaaviddaviamāṇaparisesaṃ
païrikkammi vi viṇaāvalaṃvaṇaṃ sa ccia kuṇaṃtī"
89,"muhamārueṇa taṃ kaṇha goraaṃ rāhiāi avaṇeṃto
eāṇa vallavīṇaṃ aṇṇāṇa vi goraaṃ harasi"
90,"kiṃ dāva kaā ahavā karesi kāhisi a suhaa ettāhe
avarāhāṇa alajjira sāhasu kaarā khamijjaṃti"
91,"ṇūmaṃti je pahuttaṃ kuviaṃ dāsa vva je pasāaṃti
te ccia mahilāṇa piā sesā sāmi ccia varāā"
92,"taïā kaaggha mahuara ṇa ramasi aṇṇāsu pupphajāīsu
vaddhaphalabhāragaruiṃ mālaïm eṇhiṃ pariccaasi"
93,"aviaṇhapecchaṇijjeṇa takkhaṇaṃ māmi teṇa diṭṭheṇa
siviṇaapīeṇa va pāṇieṇa taṇha ccia ṇa phiṭṭā"
94,"suaṇo jaṃ desam alaṃkarei taṃ cia karei pavasaṃto
gāmāsaṇṇummūlia mahāvaḍaṭṭhāṇasāricchaṃ"
95,"so ṇāma saṃbharijjaï pabbhasio jo khaṇaṃ pi hiaāhi
saṃbhariavvaṃ ca kaaṃ gaaṃ ca pemmaṃ ṇirālaṃvaṃ"
96,"ṇāsaṃ va sā kavoleajja vituha daṃtamaṃḍalaṃ vālā
ubbhiṇṇapulaavaïveḍhaparigaaṃ rakkhaï varāī"
97,"diṭṭhā cūā agghāiā surā dakkhiṇāṇilo sahio
kajjāiṃ cia garuāi māmi ko vallaho kassa"
98,"ramiūṇa paaṃ pi gao jāhe uvaūhiuṃ paḍiṇiutto
ahaaṃ paütthavaïa vva takkhaṇaṃ so pavāsi vva"
99,"aviaṇhapecchaṇijjaṃ samasuhadukkhaṃ viiṇṇasabbhāvaṃ
aṇṇoṇṇahiaalaggaṃ puṇṇehi jaṇo jaṇaṃ lahaï"
100,"dukkhaṃ deṃto vi suhaṃ jaṇei jo jassa vallaho hoi
daïaṇahadūmiāṇa vi vaḍḍhaï thaṇaāṇa romaṃco"
101,"dhario dhario vialaï uvaeso piasahīhi dijjaṃto
maaraddhaavāṇapahārajajjare tīa hiaammi"
102,"taḍasaṃṭhiaṇīḍekkaṃtapīluārakkhaṇekkadiṇṇamaṇā
agaṇiaviṇivāabhaā pūreṇa samaṃ vahaï kāī"
103,"vahupupphabharoṇāmiabhūmīgaasāha suṇasu viṇṇattiṃ
golāaḍaviaḍakuḍaṃga mahua saṇiaṃ galijjāsu"
104,"ṇippacchimāi asaī dukkhāloāi mahuapupphāiṃ
cīe vaṃdhussa va aṭṭhiāi ruarī samucciṇaï"
105,"o hiaa maḍahasariājalaraahīraṃtadīhadāru vva
ṭhāṇe ṭhāṇe ccia laggamāṇa keṇā 'vi ḍajjhihisi"
106,"jo tīa ahararāo rattiṃ uvvāsio piaameṇa
so ccia dīsaï gose savattiṇaaṇesu saṃkaṃto"
107,"golāaḍaṭṭhiaṃ pecchiūṇa gahavaïsuaṃ haliasoṇhā
āḍhattā uttariuṃ dukkhuttārāi paavīe"
108,"calaṇoāsaṇisaṇṇassa tassa bharimo aṇālavaṃtassa
pāaṃguṭṭhāveḍhiakesadaḍhāaḍḍhaṇasuhelliṃ"
109,"phālei acchabhallaṃ va uaha kuggāmadeuladdāre
hemaṃtaālapahio vijjhāaṃtaṃ palālaggiṃ"
110,"kamalāarā ṇa maliā haṃsā uḍḍāviā ṇa a piucchā
keṇa vi gāmataḍāe abbhaṃ uttāṇiaṃ chūḍhaṃ"
111,"keṇa maṇe bhaggamaṇoraheṇa saṃlāviaṃ pavāso tti
savisāi va alasāaṃti jeṇa vahuāi aṃgāiṃ"
112,"ajja vi vālo dāmoaro tti ia jaṃpie jasoāe
kaṇhamuhapesiacchaṃ ṇihuaṃ hasiaṃ vaavahūhiṃ"
113,"te viralā sappurisā jāṇa siṇeho ahiṇṇamuharāo
aṇudiaha vaḍḍhamāṇo riṇaṃ va puttesu saṃkamaï"
114,"ṇaccaṇasalāhaṇaṇiheṇa pāsaparisaṃṭhiā ṇiuṇagovī
sarigoviāṇa cuṃvaï kavolapaḍimāgaaṃ kaṇhaṃ"
115,"savvattha disāmuhapasariehi aṇṇoṇṇakaḍaalaggehiṃ
challiṃ va muaï viṃjho mehehi visaṃghaḍaṃtehiṃ"
116,"āloaṃti puliṃdā pavvaasiharaṭṭhiā dhaṇuṇisaṇṇā
hatthiulehi va viṃjhaṃ pūrijjaṃtaṃ ṇavabbhehiṃ"
117,"vaṇadavamasimaïlaṃgo rehaï viṃjho ghaṇehi dhavalehiṃ
khīroamaṃthaṇucchaliaduddhasitto vva mahumahaṇo"
118,"vaṃdīa ṇihaavaṃdhavavimaṇāi vi pakkalo tti corajuvā
aṇurāeṇa pulaïo guṇesu ko maccharaṃ vahaï"
119,"ajja kaïmo vi diaho vāhavahū rūvajovvaṇummattā
sohaggaṃ dhaṇuruṃpacchaleṇa racchāsu vikkiraï"
120,"ukkhippaï maṃḍalimārueṇa gehaṃgaṇāhi vāhīe
sohaggadhaavaḍāa vva uvaha dhaṇuruṃpariṃcholī"
121,"gaagaṃḍatthalaṇihasaṇamaamaïlīkaakaraṃjasāhāhiṃ
eṃtīa kulagharāo ṇāaṃ vāhīa païmaraṇaṃ"
122,"ṇavavahupemmatanuio paṇaaṃ paḍhamaghariṇīa rakkhaṃto
alihiaduppariallaṃ pi ṇei raṇṇaṃ dhaṇuṃ vāho"
123,"hāsāvio jaṇo sāmalīa paḍhamaṃ pasūamāṇāe
vallahavāeṇa alaṃ mama tti vahuso bhaṇaṃtīe"
124,"kaïavarahiaṃ pemmaṃ ṇa tthi ccia māmi māṇuse loe
aha hoi kassa viraho virahe hoṃtammi ko jiaï"
125,"accheraṃ va ṇihiṃ miva sagge rajjaṃ va amaapāṇaṃ va
āsi mha taṃ muhuttaṃ viṇiaṃsaṇadaṃsaṇaṃ tissā"
126,"sā tujjha vallahā taṃ si majjha veso si tīa tujjha ahaṃ
vālaa phuḍaṃ bhaṇāmo pemmaṃ kira vahuviāraṃ ti"
127,"ahaaṃ lajjāluiṇī tassa a ummaccharāi pemmāiṃ
sahiāaṇo vi ṇiuṇo alāhi kiṃ pāarāeṇa"
128,"mahumāsamāruāhaamahuarajhaṃkāraṇibbhare raṇṇe
gāi virahakhharāvaddhapahiamaṇamohaṇaṃ govī"
129,"taha māṇo māṇadhaṇāi tīa emea dūram aṇuvaddho
jaha se aṇuṇīa pio ekkaggāma ccia paüttho"
130,"sāloa ccia sūre ghariṇī gharasāmiassa ghettūṇa
ṇecchaṃtassa vi pāe dhuaï hasaṃtī hasaṃtassa"
131,"vāharaü maṃ sahīo tissā gotteṇa kiṃ tha bhaṇieṇa
thirapemmā hou jahiṃ tahiṃ pi mā kiṃ pi ṇaṃ bhaṇaha"
132,"rūaṃ acchīsu ṭhiaṃ phariso aṃgesu jaṃpiaṃ kaṇṇe
hiaaṃ hiae ṇihiaṃ vioiaṃ kiṃ tha devveṇa"
133,"saaṇe ciṃtāmaïaṃ kāūṇa piaṃ ṇimīliacchīe
appāṇo uvaūḍho pasiḍhilavalaāhi vāhāhiṃ"
134,"paribhūeṇa vi diahaṃ gharagharabhamireṇa aṇṇakajjammi
cirajīvieṇa imiṇā khavia mho ḍaḍḍhakāeṇa"
135,"vasaï jahiṃ cea khalo posijjaṃto siṇehadāṇehiṃ
taṃ cea ālaaṃ dīvao vva aïreṇa maïlei"
136,"hoṃtī vi ṇipphala ccia dhaṇariddhī hoi kiviṇapurisassa
gimhāavasaṃtattassa ṇiaachāhi vva pahiassa"
137,"phurie vāmacchi tae jaï ehii so pio jja tā suiraṃ
sammīlia dāhiṇaaṃ tui aviaṇhaṃ puloissaṃ"
138,"suṇahapaürammi gāme hiṃḍaṃtī tuha kaeṇa sā vālā
pāsaasāri vva gharaṃghareṇa kaïā vi khajjihaï"
139,"aṇṇaṇṇaṃ kusumarasaṃ jaṃ kira so mahaï mahuaro pāuṃ
taṃ ṇīrasāṇa doso kusumāṇaṃ ṇea bhamarassa"
140,"racchāpaïṇṇaṇaaṇuppalā tumaṃ sā paḍicchae eṃtaṃ
dāraṇihiehi dohi vi maṃgalakalasehi va thaṇehiṃ"
141,"tā ruṇṇaṃ jā ruvvaï tā jhīṇaṃ jāva jhijjae aṃgaṃ
tā ṇīsasia varāīa jāva sāsā pahuppaṃti"
142,"samasokkhadukkhaparivaḍḍhiāṇa kāleṇa rūḍhapemmāṇa
mihuṇāṇa maraï jaṃ taṃ khu jiaï iaraṃ muaṃ hoi"
143,"harihii piassa ṇavacūapallavo paḍhamamaṃjarisaṇāho
mā ruasu putti patthāṇakalasamuhasaṃṭhio gamaṇaṃ"
144,"jo kaha vi maha sahīhiṃ chiddaṃ lahiūṇa pesio hiae
so māṇo coriakāmuo vva diṭṭhe pie ṇaṭṭho"
145,"sahiāhi bhaṇṇamāṇā thaṇae laggaṃ kusuṃbhaüpphaṃ ti
muddhavahuā hasijjaï papphoḍaṃtī ṇahavaāiṃ"
146,"ummūleṃti va hiaaṃ imāi re tuha virajjamāṇassa
avahīraṇavasavisãṭhulavalaṃtaṇaaṇaddhadiṭṭhāiṃ"
147,"ṇa muaṃti dīhasāse ṇa ruaṃti ciraṃ ṇa hoṃti kisiāo
dhaṇṇāu tāu jāṇaṃ vahuvallaha vallaho ṇa tumaṃ"
148,"ṇiddālasaparighummirataṃsavalaṃtaddhatāraāloā
kāmassa vi duvvisahā diṭṭhiṇivāā sasimuhīe"
149,"jīviasesāi mae gamiā kaha kaha vi pemmaduddolī
eṇhuṃ viramasu re ḍaḍḍha hiaa mā rajjasu kahiṃ pi"
150,"ajjāi ṇavaṇahakkhaaṇirikkhaṇe garuajovvaṇuttuṃgaṃ
paḍimāgaaṇiaṇaaṇuppalacciaṃ hoi thaṇavaṭṭhaṃ"
151,"taṃ ṇamaha jassa vacche lacchimuhaṃ kotthuhammi saṃkaṃtaṃ
dīsaï maaparihīṇaṃ sasiviṃvaṃ sūraviṃva vva"
152,"mā kuṇa paḍivakkhasuhaṃ aṇuṇesu piaṃ pasāalohillaṃ
aïgahiagaruamāṇeṇa putti rāsi vva jhijjihisi"
153,"virahakaravattadūsaha phālijjaṃtammi tīa hiaammi
aṃsū kajjalamaïlaṃ pamāṇasuttaṃ va paḍihāi"
154,"duṇṇikkhevaam eaṃ puttaa mā sāhasaṃ karijjāsu
ettha ṇihittāi maṇe hiaāi puṇo ṇa labbhaṃti"
155,"ṇivvuttaraā vi vahū suraavirāmaṭṭhiiṃ aāṇaṃtī
aviraahiaā aṇṇaṃ pi kiṃ pi atthi tti ciṃtei"
156,"ṇaṃdaṃtu suraasuharasataṇhāvaharāi saalaloassa
vahukaïavamaggaviṇimmiāi vesāṇa pemmāiṃ"
157,"appattamaṇṇudukkho kiṃ maṃ kisia tti pucchasi hasaṃto
pāvasi jā calacittaṃ piaṃ jaṇaṃ tā tuha kahissaṃ"
158,"avahatthiūṇa sahijaṃpiāi jāṇaṃ kaeṇa ramio si
eāi tāi sokkhāi saṃsao jehi jīassa"
159,"īsāluo paī se rattiṃ mahuaṃ ṇa dei ucceuṃ
uccei appaṇa ccia māe aïujjuasahāo"
160,"acchoḍiavatthaddhaṃtapatthie maṃtharaṃ tumaṃ vacca
ciṃtesi thaṇaharāāsiassa majjhassa vi ṇa bhaṃgaṃ"
161,"uddhaccho piaï jalaṃ jaha jaha viralaṃgulī ciraṃ pahio
pāvāliā vi taha taha dhāraṃ taṇuaṃ pi taṇuei"
162,"bhicchaaro pecchaï ṇāhimaṃḍalaṃ sā vi tassa muhaaṃdaṃ
taṃ caṭṭuaṃ karaṃkaṃ doṇha vi kāā viluṃpaṃti"
163,"jeṇa viṇā ṇa jivijjaï aṇuṇijjaï so kaāvarāho vi
patte vi ṇaaraḍāhe bhaṇa kassa ṇa vallaho aggī"
164,"vaṃkaṃ ko pulaïjjaü kassa kahijjaü suhaṃ va dukkhaṃ va
keṇa samaṃ va hasijjaü pāmarapaüre haaggāme"
165,"phalahīvāhaṇapuṇṇāhamaṃgalaṃ laṃgale kuṇaṃtīe
asaīa maṇorahagabbhiṇīa hatthā tharaharaṃti"
166,"pahiullūraṇasaṃkāulāhi asaīhi vahalatimirassa
āippaṇeṇa ṇihuaṃ vaḍassa sittāi pattāiṃ"
167,"bhaṃjaṃtassa vi tuha saggagāmiṇo ṇaïkaraṃjasāhāo
pāā ajja vi dhammia tuha kaha dharaṇiṃ cia chivaṃti"
168,"acchaü dāva maṇaharaṃ piāi muhadaṃsaṇaṃ aïmahagghaṃ
taggāmachettasīmā vi jhatti diṭṭhā suhāvei"
169,"ṇikkammāhi vi chettāhi pāmaro ṇea vaccae vasahiṃ
muapiajāāsuṇṇaïagehadukkhaṃ pariharaṃto"
170,"jhaṃjhāvāuttiṇagharavivarapaloṭṭaṃtasaliladhārāhiṃ
kuḍḍalihiohidiahaṃ rakkhaï ajjā karaalehiṃ"
171,"golāṇaīa kacche cakkhaṃto rāiāi pattāiṃ
upphaḍaï makkaḍo khokkhei a poṭṭaṃ ca piṭṭei"
172,"gahavaïṇā muaseihaḍuṃḍumadāmaṃ ciraṃ vaheūṇa
vaggasaāiṃ ṇeūṇa ṇavari ajjāhare vaddhaṃ"
173,"sihipehuṇāvaaṃsā vahuā vāhassa gavvirī bhamaï
gaamottiaraïapasāhaṇāṇa majjhe savattīṇa"
174,"vaṃkacchipecchirīṇaṃ vaṃkullavirīṇa vaṃkabhamirīṇaṃ
vaṃkahasirīṇa puttaa puṇṇehi jaṇo pio hoi"
175,"bhama dhammia vīsaddho so suṇaho ajja mārio teṇa
golāaḍaviaḍakuḍuṃgavāsiṇā dariasīheṇa"
176,"vāerieṇa bhariaṃ acchiṃ kaṇṇaraïuppalaraeṇa
phukkaṃto aviaṇhaṃ cuṃvaṃto ko si devvāṇaṃ"
177,"sahi dummeṃti kalaṃvāiṃ jaha maṃ taha ṇa sesakusumāiṃ
ṇūṇaṃ imesu diahesu vahaï guliādhaṇuṃ kāmo"
178,"ṇā 'haṃ dūī ṇa tumaṃ pio tti ko amha ettha vāvāro
sā maraï tujjha aaso eaṃ dhammakkharaṃ bhaṇimo"
179,"tīa muhāhi tuha muhaṃ tujjha muhāo a majjha calaṇammi
hatthāhatthīa gao aïdukkarakārao tilao"
180,"sāmāi sāmalijjaï addhacchipaloirīa muhasohā
jaṃvūdalakaakaṇṇāvaaṃsabhamire haliaütte"
181,"dūi tumaṃ cia kusalā kakkhaḍamaüāi jāṇase vottuṃ
kaṃḍūipaṃḍaraṃ jaha ṇa hoi taha taṃ karejjāsu"
182,"mahilāsahassabharie tuha hiae suhaa sā amāaṃtī
diahaṃ aṇaṇṇakammā aṃgaṃ taṇuaṃ pi taṇuei"
183,"khaṇamettaṃ pi ṇa phiṭṭaï aṇudiaha viiṇṇagaruasaṃtāvā
pacchaṇṇapāvasaṃka vva sāmalī majjha hiaāo"
184,"aṇṇua ṇā 'haṃ kuviā uvaūhasu kiṃ muhā pasāesi
tuha maṇṇusamuppāeṇa majjha māṇeṇa vi ṇa kajjaṃ"
185,"dīhuṇhapaüraṇīsāsapaavio vāhasalilaparisitto
sāhei sāmasavalaṃ va tīa aharo tuha vioe"
186,"sarae mahaddahāṇaṃ aṃtosisirāi vāhiruṇhāiṃ
jāāi kuviasajjaṇahiaasaricchāi salilāiṃ"
187,"āassa kiṃ ṇu kāhaṃ kiṃ vocchaṃ kaha ṇu hohii imaṃ ti
paḍhamuggaasāhasaāriāi hiaaṃ tharaharei"
188,"ṇeurakoḍivilaggaṃ ciuraṃ daïassa pāapaḍiassa
hiaaṃ paütthamāṇaṃ ummoaṃti ccia kahei"
189,"tujjha 'ṃgarāaseseṇa sāmalī taha khareṇa somārā
sā kira golātūhe ṇhāā jaṃvūkasāeṇa"
190,"ajjaṃ cea paüttho ajjaṃ cia suṇṇaāi jāāiṃ
racchāmuhadeulacaccarāi amhaṃ ca hiaāiṃ"
191,"ciriḍiṃ pi aāṇaṃtā loā loehi goravabbhahiā
soṇāratula vva ṇirakkharā vi khaṃdhehi vubbhaṃti"
192,"āaṃvaṃtakavolaṃ khaliakkharajaṃpiriṃ phuraṃtoṭṭhiṃ
mā chivasu tti sarosaṃ samosaraṃtiṃ piaṃ bharimo"
193,"golāvisamoāracchaleṇa appā urammi se mukko
aṇuaṃpāṇiddosaṃ teṇa vi sā gāḍham uvaūḥā"
194,"sā taï sahatthadiṇṇaṃ ajja vi re suhaa gaṃdharahiaṃ pi
uvvasiaṇaaragharadevaa vva omāliaṃ vahaï"
195,"kelīa vi rūseuṃ ṇa tīrae tammi cukkaviṇaammi
jāiaehi vi māe imehi avasehi aṃgehiṃ"
196,"upphulliāi khelaü mā ṇaṃ vārehi hou parikhāmā
mā jahaṇabhāragaruī purisāaṃtī kilimmihaï"
197,"paürajuāṇo gāmo mahumāso jovvaṇaṃ paī ṭhero
juṇṇasurā sāhīṇā asaī mā hou kiṃ maraü"
198,"vahuso vi kahijjaṃtaṃ tuha vaaṇaṃ majjha hatthasaṃdiṭṭhaṃ
ṇa suaṃ ti jaṃpamāṇā puṇaruttasaaṃ kuṇaï ajjā"
199,"pāaḍiaṇehasabbhāvaṇibbharaṃ tīa jaha tumaṃ diṭṭho
saṃvaraṇavāvaḍāe aṇṇo vi jaṇo taha ccea"
200,"geṇhaha puloaha imaṃ pahasiavaaṇā païssa appei
jāā suapaḍhamubbhiṇṇadaṃtajualaṃkiaṃ voraṃ"
201,"acchaü tā jaṇavāo hiaaṃ cia attaṇo tuha pamāṇaṃ
taha taṃ si maṃdaṇeho jaha ṇa uvālaṃbhajoggo si"
202,"appacchaṃdapahāvira dullahalaṃbhaṃ jaṇaṃ vimaggaṃta
āāsavahehi bhamaṃta hiaa kaïā vi bhajjihisi"
203,"ahava guṇa ccia lahuā ahavā guṇaaṇṇuo ṇa so loo
ahava mhi ṇigguṇā vā vahuguṇavaṃto jaṇo tassa"
204,"phuṭṭaṃteṇa vi hiaeṇa māmi kaha ṇivvarijjae tammi
addāe paḍiviṃva vva jammi dukkhaṃ ṇa saṃkamaï"
205,"pāsāsaṃkī kāo ṇe 'cchaï diṇṇaṃ pi pahiaghariṇīe
oṇattakaraaloaliavalaamajjhaṭṭhiaṃ piṃḍaṃ"
206,"ohidiahāgamāsaṃkirīhi sahiāhi kuḍḍalihiāo
do tiṇṇi tahiṃ mia coriāi rehā pusijjaṃti"
207,"tuha muhasāricchaṃ ṇa lahaï tti saṃpuṇṇamaṃḍalo vihiṇā
aṇṇamaaṃ va ghaḍeuṃ puṇo vi khaṃḍijjaï miaṃko"
208,"ajjaṃ gao tti ajjaṃ gao tti ajjaṃ gao tti gaṇirīe
paḍhama ccia diahaddhe kuḍḍo rehāhi cittalio"
209,"ṇa vi taha paḍhamasamāgamasuraasuhe pāvie vi parioso
jaha vīadiahasavilakkhalakkhie vaaṇakamalammi"
210,"je samuhāgaavolaṃtavaliapiapesiacchivicchohā
aha maṇṇe maaṇasarā jaṇassa je hoṃti te hoṃtu"
211,"iaro jaṇo ṇa pāvaï tuha jahaṇāruhaṇasaṃgamasuhelliṃ
aṇuhavaï kaṇaadoro huavahavaruṇāṇa māhappaṃ"
212,"jo jassa vihavasāro taṃ so dei tti kiṃ tha accheraṃ
aṇahoṃtaṃ pi hu diṇṇaṃ dohaggaṃ taï savattīṇaṃ"
213,"caṃdasarisaṃ muhaṃ se saraso amaassa muharaso tissā
sakaaggaharahasujjalacuṃvaṇaaṃ kassa sarisaṃ se"
214,"uppaṇṇatthe kajje aïciṃtaṃto guṇāguṇe tammi
ciraālamaṃdapecchittaṇeṇa puriso haṇaï kajjaṃ"
215,"vālaa tumāhi ahiaṃ ṇiaaṃ cia vallahaṃ mahaṃ jīaṃ
taṃ taï viṇā ṇa hoi tti teṇa kuviaṃ pasāemi"
216,"pattia ṇa pattiaṃtī jaï tujjha ime ṇa majjha ruirīe
puṭṭhīa vāhaviṃdū pulaübbhee ṇa bhijjaṃtā"
217,"taṃ mittaṃ kāavvaṃ jaṃ kira vasaṇammi desaālammi
ālihiabhittivāullaa vva ṇa paraṃmuhaṃ ṭhāi"
218,"vahuāi ṇaïṇiuṃje paḍhamuggaasīlakhaṃḍaṇavilakkhaṃ
uḍḍei vihaṃgaülaṃ hāhā pakkhehi va bhaṇaṃtaṃ"
219,"saccaṃ bhaṇāmi vālaa ṇa tthi asakkaṃ vasaṃtamāsassa
gaṃdheṇa kuruvaāṇaṃ maṇaṃ pi asaïttanaṃ ṇa gaā"
220,"ekkekkamavaïveḍhaṇavivaraṃtaradiṇṇataralaṇaaṇāe
taï volaṃte vālaa paṃjarasaüṇāiaṃ tīe"
221,"tā kiṃ kareu jaï taṃ si tīa vaïveḍhapelliathaṇīe
pāaṃguṭṭhaggukkhittaṇīsahaṃgīa vi ṇa diṭṭho"
222,"piasaṃbharaṇapaloṭṭaṃtavāhadhārāṇivāabhīāe
dijjaï vaṃkaggīvāi dīvao pahiajāāe"
223,"taï volaṃte vālaa tissā aṃgāi taha ṇu valiāiṃ
jaha puṭṭhimajjhaṇivaḍaṃtavāhadhārāu dīsaṃti"
224,"tā majjhimo ccia varaṃ dujjaṇasuaṇehi dohi vi ṇa kajjaṃ
jaha diṭṭho tavaï khalo tahea suaṇo aīsaṃto"
225,"addhacchipecchiaṃ mā karehi sāhāviaṃ paloehi
so vi sudiṭṭho hohii tumaṃ pi muddhā kalijjhihisi"
226,"diahaṃ khuḍukkiāe tīe kāūṇa gehavāvāraṃ
garue vi maṇṇudukkhe bharimo pāaṃtasuttassa"
227,"pāṇaüḍīa vi jaliūṇa huavaho jalaï jaṇṇavāḍammi
ṇa hu te parihariavvā visamadasāsaṃṭhiā purisā"
228,"jaṃ tujjha saī jāā asaīo suhaa jaṃ ca amhe vi
tā kiṃ phuṭṭaü vīaṃ tujjha samāṇo juā ṇa tthi"
229,"savvassammi vi ḍaḍḍhe taha vi hu hiaassa ṇivvui ccea
jaṃ tena gāmaḍāhe hatthāhatthiṃ kuḍo gahio"
230,"jāejja vaṇuddese khujjo vi hu ṇīsaho siḍhilavatto
mā māṇusammi loe cāī rasio dariddo a"
231,"tassa a sohaggaguṇaṃ amahilasarisaṃ ca sāhasaṃ majjha
jāṇaï golāūro vāsārattaddharatto a"
232,"te voliā vaassā tāṇa kuḍuṃgāṇa khaṇṇuā sesā
amhe vi gaavaāo mūluccheaṃ gaaṃ pemmaṃ"
233,"thaṇajahaṇaṇiaṃvovari ṇaharaṃkā gaavaāṇa vilaāṇaṃ
uvvasiāṇaṃgaṇivāsamūlavaṃdha vva dīsaṃti"
234,"jassa jahiṃ cia paḍhamaṃ tissā aṃgammi ṇivaḍiā diṭṭhī
tassa tahiṃ cea ṭhiā savvaṃgaṃ keṇa vi ṇa diṭṭhaṃ"
235,"virahe visaṃ va visamā amaamaā hoi saṃgame ahiaṃ
kiṃ vihiṇā samaaṃ cia dohiṃ pi piā viṇimmaviā"
236,"addaṃsaṇeṇa puttaa suṭṭhu vi ṇehāṇuvaṃdhaghaḍiāiṃ
hatthaüḍapāṇiāi va kāleṇa galaṃti pemmāiṃ"
237,"païpurao ccia ṇijjaï viṃchuaḍaṭṭhe 'ti jāravejjagharaṃ
ṇiuṇasahīkaradhariā bhuajualaṃdolirī vālā"
238,"vikkiṇaï māhamāsaṃmi pāmaro pāriḍiṃ vaïlleṇa
ṇiddhūmamummure sāmalīa thaṇae ṇiacchaṃto"
239,"saccaṃ bhaṇāmi maraṇe ṭhia mhi puṇṇe taḍammi tāvīe
ajja vi tattha kuḍuṃge ṇivaḍaï diṭṭhī taha ccea"
240,"aṃdhaaravorapatthiṃ va māuā maha païṃ viluṃpaṃti
īsāaṃti maha ccia cheppāhiṃto phaṇo jāo"
241,"appattapattaaṃ pāviūṇa ṇavaraṃgaaṃ haliasoṇhā
uaha taṇuī ṇa māaï ruṃdāsu vi gāmaracchāsu"
242,"vakkhevaāi piajaṃpiāi parahiaaṇivvuiarāi
viralo hu jāṇaï jaṇo uppaṇṇe jaṃpiavvāiṃ"
243,"chajjaï pahussa laliaṃ piāi māṇo khamā samatthassa
jāṇaṃtassa a bhaṇiaṃ moṇaṃ ca aāṇamāṇassa"
244,"vevirasiṇṇakaraṃgulipariggahakkhalialegaṇīmagge
sotthi ccia ṇa samappaï piasahi lehammi kiṃ lihimo"
245,"devvammi parāhutte pattia ghaḍiaṃ pi vihaḍaï ṇarāṇaṃ
kajjaṃ vāluavaraṇaṃ va kaha vi vaṃdhaṃ cia ṇa dei"
246,"māmi hiaaṃ va pīaṃ teṇa juāṇeṇa majjamāṇāe
ṇhāṇahaliddākaḍuaṃ aṇusotta jalaṃ piaṃteṇa"
247,"jiviaṃ asāsaaṃ cia ṇa ṇiattaï jovvaṇaṃ aïkkaṃtaṃ
diahā diahehi samā ṇa hoṃti kiṃ ṇiṭṭhuro loo"
248,"uppāiadavvāṇa vi khalāṇa ko bhāaṇaṃ khalo ccea
pikkāi vi ṇiṃvaphalāi ṇavara kāehi khajjaṃti"
249,"ajja mae gaṃtavvaṃ ghaṇaṃdhaāre vi tassa suhaassa
ajjā ṇimīliacchī paaparivāḍiṃ ghare kuṇaï"
250,"suaṇo ṇa kuppaï ccia aha kuppaï vippiaṃ ṇa ciṃtei
aha ciṃtei ṇa jaṃpaï aha jaṃpaï lajjio hoi"
251,"so attho jo hatthe taṃ mittaṃ jaṃ ṇiraṃtaraṃ vasaṇe
taṃ rūaṃ jattha guṇā taṃ viṇṇāṇaṃ jahiṃ dhammo"
252,"caṃdamuhi caṃdadhavalā dīhā dīhacchi tuha vioammi
caüjāmā saajāma vva jāmiṇī kaha vi volīṇā"
253,"aülīṇo domuhao tā mahuro bhoaṇaṃ muhe jāva
murao vva khalo jiṇṇammi bhoaṇe virasam ārasaï"
254,"taha soṇhāi pulaïo daravaliāvaṃgatāraaṃ pahio
jaha vārio vi gharasāmieṇa āliṃdae vasio"
255,"lahuaṃti lahuṃ purisaṃ pavvaamettaṃ pi do vi kajjāiṃ
ṇivvaraṇam aṇivvūḍhe ṇivvūḍhe jaṃ aṇivvaraṇaṃ"
256,"kaṃ tuṃgathaṇukkhitteṇa putti dāraṭṭhiā paloesi
uṇṇāmiakalasaṇivesiagghakamaleṇa va muheṇa"
257,"vaïvivaraṇiggaadalo eraṃḍo sāhaï vva taruṇāṇaṃ
ettha ghare haliavahū eddahamettatthaṇī vasaï"
258,"gaakalahakuṃbhasaṃṇihaghaṇapīṇaṇiraṃtarehi tuṃgehiṃ
gūsasiuṃ pi ṇa tīraï kiṃ puṇa gaṃtuṃ haathaṇehiṃ"
259,"māsapasūaṃ chammāsagabbhiṇiṃ ekkadiahajariaṃ ca
raṃguttiṇṇaṃ ca piaṃ puttaa kāmaṃtao hohi"
260,"paḍivakkhamaṇṇupuṃje lāvaṇṇaüḍe aṇaṃgagaakuṃbhe
purisasaahiaadharie kīsa thaṇaṃtī thaṇe vahasi"
261,"ghariṇīghaṇathaṇapellaṇasuhellipaḍiassa hoṃtapahiassa
avasaüṇaṃgāraavāraviṭṭhidiahā suhāveṃti"
262,"sā tujjha kae vālaa aṇisaṃ gharadāratoraṇaṇisaṇṇā
osūsaï vaṃdaṇamālia vva diahaṃ cia varāī"
263,"hasiaṃ sahatthatālaṃ sukkhavaḍaṃ uvagaehi pahiehiṃ
pattaaphalāṇa sarise uḍḍīṇe pūsaviṃdammi"
264,"ajja mhi hāsiā māmi teṇa pāesu taha paḍaṃteṇa
tīe vi jalaṃtiṃ dīvavattim abbhuttaaṃtīe"
265,"aṇuvattaṇaṃ kuṇaṃto vese vi jaṇe ahiṇṇamuharāo
appavaso vi hu suaṇo paravvaso āhiāīe"
266,"aṇudiahavaḍḍhiāara viṇṇāṇaguṇehi jaṇiamāhappo
puttaa ahiāajaṇo virajjamāṇo vi dullakkho"
267,"viṇṇāṇaguṇamahagghe purise vesattaṇaṃ pi ramaṇijjaṃ
jaṇaṇiṃdie uṇa jaṇe piattaṇeṇā 'vi lajjhāmo"
268,"kaha ṇāma tīa taha so sahāvagaruo vi thaṇaharo paḍio
ahavā mahilāṇa ciraṃ ko vi ṇa hiaammi saṃṭhāi"
269,"suanu vaaṇaṃ chivaṃtaṃ sūraṃ mā sāulīa vārehi
eassa paṃkaassa a jāṇaü kaaraṃ suhapphaṃsaṃ"
270,"māṇosahaṃ va pijjaï piāi māṇaṃsiṇīa daïassa
karasaṃpuḍavaliuddhāṇaṇāi maïrāi gaṃḍūso"
271,"kaha sā ṇivvaṇṇijjaü jīa jahāloiammi aṃgammi
diṭṭhī duvvalagāi vva paṃkapaḍiā ṇa uttaraï"
272,"kīraṃti ccia ṇāsaï uae reha vva khalaaṇe mettī
sā uṇa suaṇammi kaā aṇahā pāhāṇareha vva"
273,"avvo ukkaraāraa puṇo vi tattiṃ karesi gamaṇassa
ajja vi ṇa hoṃti saralā veṇīa taraṃgiṇo cihurā"
274,"ṇa vi taha chearaāi vi haraṃti puṇaruttarāarasiāiṃ
jaha jattha va tattha va jaha va taha va sabbhāvaṇeharamiāiṃ"
275,"ujjhasi piāi samaaṃ taha vi hu re bhaṇasu kīsa kisia tti
uaribhareṇa aāṇua muaï vaïllo vi aṃgāiṃ"
276,"daḍhamūlavaddhagaṃṭhi vva moiā kaha vi teṇa me vāhū
amhehi vi tassa ure khutta vva samukkhaā thaṇaā"
277,"aṇuṇaapasāiāe tujjha 'varāhe ciraṃ gaṇaṃtīe
apahuttohaahatthaṃgurīa ruṇṇaṃ varāīe"
278,"seacchaleṇa pecchaha taṇue aṃgammi se amāaṃtaṃ
lāvaṇṇaṃ osaraï va tivalīsovāṇavaṃtīhiṃ"
279,"devvāattammi phale kiṃ kīraü ettiaṃ puṇo bhaṇimo
kaṃkellipallavāṇaṃ ṇa pallavā hoṃti sāricchā"
280,"dhuaï vva maakalaṃkaṃ kavolapaḍiassa māṇiṇī uaha
aṇavaraavāhajalabhariaṇaaṇakalasehi caṃdassa"
281,"gaṃdheṇa appaṇo māliāṇa ṇomāliā ṇa phuṭṭihaï
aṇṇo ko vi haāsāi maṃsalo parimaluggāro"
282,"phalasaṃpattīa samoṇaāi tuṃgāi phalavipattīe
hiaāi supurisāṇaṃ mahātarūṇaṃ va siharāiṃ"
283,"āsāsei pariaṇaṃ parivattaṃtīa pahiajāāe
ṇitthāmuvvattaṇavaliahatthamuhalo valaasaddo"
284,"tuṃgo ccia hoi maṇo maṇaṃsiṇo aṃtimāsu vi dasāsu
atthamaṇammi vi raïṇo kiraṇā uddhaṃ cia phuraṃti"
285,"poṭṭaṃ bharaṃti saüṇā vi māuā appaṇo aṇuvviggā
vihaluddharaṇasahāvā huvaṃti jaï ke vi sappurisā"
286,"ṇa viṇā sabbhāveṇaṃ gheppaï paramatthajāṇuo loo
ko juṇṇamaṃjaraṃ kaṃjieṇa veāriuṃ taraï"
287,"raṇṇāu taṇaṃ raṇṇāu pāṇiaṃ savvado saaṃgāhaṃ
taha vi maāṇa maīṇa a āmaraṇaṃtāi pemmāiṃ"
288,"tāvam avaṇei ṇa tahā caṃdaṇapaṃko vi kāmimihuṇāṇaṃ
jaha dūsahe vi gimhe aṇṇoṇṇāliṃgaṇasuhellī"
289,"tuppāṇaṇā kiṇo acchasi tti paripucchiāi vahuāi
viuṇāveḍhiajahaṇatthalāi lajjoṇaaṃ hasiaṃ"
290,"hiaa ccea vilīṇo ṇa sāhio jāṇiūṇa gharasāraṃ
vaṃdhavaduvvaaṇaṃ miva dohalao duggaavahūe"
291,"dhāvaï vialiadhammillasicaasaṃjamaṇavāvaḍakaraggā
caṃḍilabhaavivalāaṃtaḍiṃbhaparimaggiṇī ghariṇī"
292,"jaha jaha uvvahaï vahū ṇavajovvaṇamaṇaharāi aṃgāi
taha taha se taṇuāaï majjho daïo a paḍivakkho"
293,"jaha jaha jarāpariṇao hoi paī duggao virūo vi
kulavāliāṇa taha taha ahiaaraṃ vallaho hoi"
294,"eso māmi juāṇo vāraṃ vāreṇa jaṃ aḍaaṇāo
gimhe gāmekkavaḍodaaṃ va kiccheṇa pāvaṃti"
295,"gāmavaḍassa piucchā āvaṃḍumuhāṇa paṃḍuracchāhaṃ
hiaeṇa samaṃ asaīṇa paḍaï vāāhaaṃ pattaṃ"
296,"pecchaï aladdhalakkhaṃ dīhaṃ ṇīsasaï suṇṇaaṃ hasaï
jaha jaṃpaï aphuḍatthaṃ taha se hiaaṭṭhiaṃ kiṃ pi"
297,"gahavaï gao mha saraṇaṃ rakkhasu eaṃ ti aḍaaṇā bhaṇiuṃ
sahasāgaassa turiaṃ païṇo ccia jāram appei"
298,"hiaechiassa dijjaü taṇuāaṃtiṃ ṇa pecchaha piucchā
hiaechio mha katto bhaṇiuṃ mohaṃ gaā kuarī"
299,"khiṇṇassa ure païṇo ṭhavei gimhāvaraṇharamiassa
ollaṃ galaṃtakusumaṃ ṇhāṇasuaṃdhaṃ cihurabhāraṃ"
300,"aha sarasadaṃtamaṃḍalakavolapaḍimāgao maacchīe
aṃtosiṃdūriasaṃkhavattakaraṇiṃ vahaï caṃdo"
301,"aha amha āao ajja kulaharāo tti cheṃchaī jāraṃ
sahasāgaassa turiaṃ païṇo kaṃṭhammi lāei"
302,"pusiā kaṇṇāharaṇeṃdaṇīlakiraṇāhaā sasimaūhā
māṇiṇivaaṇammi sakajjalaṃsusaṃkāi daïeṇa"
303,"eddahamettammi jae suṃdaramahilāsahassabharie vi
aṇuharaï ṇavara tissā vāmaddhaṃ dāhiṇaddhassa"
304,"jaha jaha vāei pio taha taha ṇaccāmi caṃcale pemme
vallī valei aṃgaṃ sahāvathaddhe vi rukkhammi"
305,"dukkhehi labbhaï pio laddho dukkhehi hoi sāhīṇo
laddho vi aladdho ccia jaï jaha hiaaṃ taha ṇa hoi"
306,"avvo aṇuṇaasuhakaṃkhirīa akaaṃ kaaṃ kuṇaṃtīe
saralasahāvo vi pio aviṇaamaggaṃ valā ṇīo"
307,"hatthesu a pāesu a aṃguligaṇaṇāi aïgaā diahā
eṇhiṃ uṇa keṇa gaṇijjaü tti bhaṇiuṃ ruaï muddhā"
308,"kīramuhasacchahehiṃ rehaï vasuhā palāsakusumehiṃ
vuddhassa calaṇavaṃdaṇapaḍiehi va bhikkhusaṃghehiṃ"
309,"jaṃ jaṃ pihulaṃ aṃgaṃ taṃ taṃ jāaṃ kisoari kisaṃ te
jaṃ taṃ taṇuaṃ taṃ taṃ pi ṇiṭṭhiaṃ kiṃ tha māṇeṇa"
310,"ṇa guṇeṇa hīraï jaṇo hīraï jo jeṇa bhāvio teṇa
mottūṇa puliṃdā mottiāi guṃjāu geṇhaṃti"
311,"laṃkālaāṇa puttaa vasaṃtamāsekkaladdhapasarāṇa
āpīalohiāṇaṃ vīhei jaṇo palāsāṇaṃ"
312,"ghettūṇa cuṇṇamuṭṭhiṃ harisūsuiāi veamāṇāe
bhisiṇemi tti piaamaṃ hatthe gaṃdhodaaṃ jāaṃ"
313,"puṭṭhiṃ pusasu kisoari paloharaṃkollapattacittaliaṃ
cheāhi diarajāāhi ujjue mā kalijjihisi"
314,"acchīi tā thaïssaṃ dohi vi hatthehi tammi diṭṭhammi
aṃgaṃ kalaṃvakusumaṃ va pulaïaṃ kaha ṇu ḍhakkissaṃ"
315,"jhaṃjhāvāuttiṇie gharammi roūṇa ṇīsahaṇisaṇṇaṃ
dāvei va gaavaïaṃ vijjujjoo jalaharāṇaṃ"
316,"bhuṃjasu jaṃ sāhīṇaṃ katto loṇaṃ kugāmariddhammi
suhaa saloṇeṇa vi kiṃ teṇa siṇeho jahiṃ ṇatthi"
317,"suhapucchiāi halio muhapaṃkaasurahipavaṇaṇivvaviaṃ
taha piaï paaïkaḍuaṃ pi osahaṃ jaha ṇa ṇiṭṭhāi"
318,"aha sā tahiṃ tahiṃ vvia vāṇīravaṇammi cuvakasaṃkeā
tuha daṃsaṇaṃ vimaggaï pabbhaṭṭaṇihāṇaṭhāṇaṃ ca"
319,"daḍharosakalusiassa vi suaṇassa muhāhi vippiaṃ kaṃto
rāhumuhammi vi sasiṇo kiraṇā amaaṃ via muaṃti"
320,"avamānio vi ṇa tahā dummijjaï sajjaṇo vihavahīṇo
paḍikāuṃ asamattho māṇijjaṃto jaha pareṇa"
321,"kalahaṃtare vi aviṇiggaāi hiaammi jaramuvagaāiṃ
suaṇakaāi rahassāi ḍahaï āukkhae aggī"
322,"lumbīo aṃgaṇamāhavīṇa dāraggalāu jāāu
āsāso paṃthapaloaṇe vi piṭṭho gaavaīṇaṃ"
323,"piadaṃsaṇasuharasamaüliāi jaï se ṇa hoṃti ṇaaṇāiṃ
tā keṇa kaṇṇaraïaṃ lakkhijjaï kuvalaaṃ tissā"
324,"cikkhillakhuttahalamuhakaḍḍhaṇasiḍhile païmmi pāsutte
appattamohaṇasuhā ghaṇasamaaṃ pāmarī savaï"
325,"dummeṃti deṃti sokkhaṃ kuṇaṃti aṇurāaaṃ ramāveṃti
araïraïvaṃdhavāṇaṃ ṇamo ṇamo maaṇavāṇāṇaṃ"
326,"kusumamaā vi aïkharā aladdhaphaṃsā vi dūsahapaāvā
bhiṃdaṃtā vi raïarā kāmassa sarā vahuviappā"
327,"īsaṃ jaṇeṃti dāveṃti mammahaṃ vippiaṃ sahāveṃti
virahe ṇa deṃti mariuṃ aho guṇā tassa vahumaggā"
328,"ṇīāi ajja ṇikkiva piṇaddhaṇavaraṃgaāi varaīe
gharaparivāḍīa paheṇaāi tuha daṃsaṇāsāe"
329,"sūijjaï hemaṃtammi duggao phuṃphuāsuaṃdheṇa
dhūmakavileṇa pariviralataṃtuṇā juṇṇapaḍaeṇa"
330,"kharasippīrullihiāi kuṇaï pahio himāgamapahāe
āamaṇajalolliahatthaphaṃsamasiṇāi aṃgāiṃ"
331,"ṇakkhukkhuḍiaṃ sahaāramaṃjariṃ pāmarassa sīsammi
vaṃdiṃ miva hīraṃtiṃ bhamarajuāṇā aṇusaraṃti"
332,"sūracchaleṇa puttaa kassa tumaṃ aṃjaliṃ paṇāmesi
hāsakaḍakkhummissā ṇa hoṃti devāṇa jokkārā"
333,"muhavijjhaviapaīvaṃ ṇiruddhasāsaṃ sasaṃkiullāvaṃ
savahasaarakkhioṭṭhaṃ coriaramiaṃ suhāvei"
334,"geacchaleṇa bhariuṃ kassa tumaṃ ruasi ṇibbharukkaṃṭhaṃ
maṇṇupaḍiruddhakaṃṭhaddhaṇiṃtakhaliakkharullāvaṃ"
335,"vahalatamāhaarāī ajja paüttho paī gharaṃ suṇṇaṃ
taha jaggesu saajjia ṇa jahā amhe musijjāmo"
336,"saṃjīvaṇosahaṃ miva suassa rakkhaï aṇaṇṇavāvārā
sāsū ṇavabbhadaṃsaṇakaṃṭhāgaajīviaṃ soṇhaṃ"
337,"ṇūṇaṃ hiaaṇihittāi vasasi jāāi amha hiaammi
aṇṇaha maṇorahā me sāhasu kaha tīa viṇṇāā"
338,"taï suhaa aīsaṃte tissā acchīhi kaṇṇalaggehiṃ
diṇṇaṃ gholiravāhehi pāṇiaṃ daṃsaṇasuhāṇaṃ"
339,"uppekkhāgaa tuha muhadaṃsaṇapaḍiruddhajīviāsāi
duhiāi mae kālo kettiametto vva ṇeavvo"
340,"volīṇālakkhiarūajovvaṇā putti kaṃ ṇa dūmesi
diṭṭhā paṇaṭṭhaporāṇajaṇavaā jammabhūmi vva"
341,"pariosaviasiehiṃ bhaṇiaṃ acchīhi teṇa jaṇamajjhe
paḍivaṇṇaṃ tīa vi uvvamaṃtaseehi aṃgehiṃ"
342,"ekkakkamasaṃdesāṇurāavaḍḍhaṃtakouhallāiṃ
dukkhaṃ asamattamaṇorahāi acchaṃti mihuṇāiṃ"
343,"jaï so ṇa vallaho ccia gottaggahaṇeṇa tassa sahi kīsa
hoi muhaṃ te raviaraphaṃsavisaṭṭaṃ va tāmarasaṃ"
344,"māṇadumaparusapavaṇassa māmi savvaṃgaṇivvuiarassa
avaūhaṇassa bhaddaṃ raïṇāḍaapuvvaraṃgassa"
345,"ṇiaāṇumāṇaṇīsaṃka hiaa de pasia virama ettāhe
amuṇiaparamatthajaṇāṇulagga kīsa mha lahuesi"
346,"osahiajaṇo païṇā salāhamāṇeṇa aïciraṃ hasio
caṃdo tti tujjha vaaṇe viiṇṇakusumaṃjalivilakkho"
347,"jhijjaṃtehi aṇudiṇaṃ paccakkhammi vi tumammi aṃgehiṃ
vālaa pucchijjaṃtī ṇa āṇimo kassa kiṃ bhaṇimo"
348,"aṃgāṇaṃ taṇuāraa sikkhāvaa dīharoiavvāṇaṃ
viṇaāikkamaāraa mā mā ṇaṃ pamhasijjāsu"
349,"aṇṇaha ṇa tīraï ccia parivaḍḍhaṃtagaruaṃ piaamassa
maraṇaviṇoeṇa viṇā viramāveuṃ virahadukkhaṃ"
350,"vaṇṇaṃtīhi tuha guṇe vahuso amhehi chiṃchaīpurao
vālaa saam ea kao si dullaho kassa kuppāmo"
351,"jāo so vi vilakkho mae vi hasiūṇa gāḍham uvaūḍho
paḍhamosariassa ṇiaṃsaṇassa gaṃṭhiṃ vimaggaṃto"
352,"kaṃḍujjuā varāī ajja tae sā kaāvarāheṇa
alasāiaruṇṇaviaṃbhiāi diaheṇa sikkhaviā"
353,"avarāhehi vi ṇa tahā pattia jaha maṃ imehi dummesi
avahatthiasabbhāvehi suhaa dakkhiṇṇabhaṇiehiṃ"
354,"mā jūra piāliṃgaṇasarahasabhamirīṇa vāhulaïāṇaṃ
tuṇhikka paruṇṇenaṃ imiṇā māṇaṃsiṇi muheṇaṃ"
355,"mā vacca pupphalāvira devā uaaṃjalīhi tūsaṃti
golāṇaīa puttaa sīlummūlāi kūlāiṃ"
356,"vaaṇe vaaṇammi calaṃtasīsasuṇṇāvahāṇahuṃkāraṃ
sahi deṃtī ṇīsāsaṃtaresu kīsa mha dūmesi"
357,"sabbhāvaṃ pucchaṃtī vālaa roāviā tuha piāe
ṇa tthi ccia kaasavahaṃ hāsummissaṃ bhaṇaṃtīe"
358,"ettha mae ramiavvaṃ tīa samaṃ ciṃtiūṇa hiaeṇa
pāmarakaraseullā ṇivaḍaï tuvarī vavijjaṃtī"
359,"gahavaïsuocciesu vi phalahīveṃṭesu uaha vahuāi
mohaṃ bhamaï pulaïo vilaggaseaṃgulī hattho"
360,"ajjaṃ mohaṇasuhiaṃ mua tti mottuṃ palāie halie
daraphuḍiaveṃṭabhāroṇaāi hasiaṃ va phalahīe"
361,"ṇīsāsukkaṃpiapulaïehi jāṇaṃti ṇacciuṃ dhaṇṇā
amhārisīhi diṭṭhe piammi appā vi vīsario"
362,"taṇueṇa vi taṇuijjaï khīṇeṇa vi khijjae valā imiṇā
majjhattheṇa vi majjheṇa putti kaha tujjha paḍivakkho"
363,"vāhi vva vejjarahio dhaṇarahio saaṇamajjhavāso vva
riuriddhidaṃsaṇaṃ miva dūsahaṇīo tuha vioo"
364,"ko ttha jaammi samattho thaïuṃ vitthiṇṇaṇimmaluttuṃgaṃ
hiaaṃ tujjha ṇarāhiva gaaṇaṃ va paohare mottuṃ"
365,"āaṇṇei aḍaaṇā kuḍuṃgaheṭṭhammi diṇṇasaṃkeā
aggapaapelliāṇaṃ mammaraaṃ juṇṇapattāṇaṃ"
366,"ahileṃti surahiṇīsasiaparimalāvaddhamaṃḍalaṃ bhamarā
amuṇiacaṃdaparihavaṃ apuvvakamalaṃ muhaṃ tissā"
367,"dhīrāvalaṃvirīa vi guruaṇapurao tumammi volīṇe
paḍio se acchiṇimīlaṇeṇa pamhaṭṭhio vāho"
368,"bharimo se saaṇaparaṃmuhīa vialaṃtamāṇapasarāi
kaïavasuttuvvattaṇathaṇaalasappellaṇasuhelliṃ"
369,"phaggucchavaṇiddosaṃ keṇa vi kaddamapasāhaṇaṃ diṇṇaṃ
thaṇaalasamuhapaloṭṭaṃtaseadhoaṃ kiṇo dhuasi"
370,"kiṃ ṇa bhaṇio si vālaa gāmaṇidhūāi guruaṇasamakkhaṃ
aṇimisam īsīsi valaṃtavaaṇaṇaaṇaddhatiṭṭhehiṃ"
371,"ṇaaṇabbhaṃtaragholaṃtavāhabharamaṃtharāi diṭṭhīe
puṇaruttapeccharīe vālaa kiṃ jaṃ ṇa bhaṇio si"
372,"jo sīsammi viiṇṇo majjha juāṇehi gaṇavaī āsi
taṃ cia eṇhiṃ paṇamāmi haajare hohi saṃtuṭṭhā"
373,"aṃtohuttaṃ ḍajjhaï jāāsuṇṇe ghare haliaütto
ukkhāaṇihāṇāi va ramiaṭṭhāṇāi pecchaṃto"
374,"ṇiddābhaṃgo āvaṃḍurattaṇaṃ dīharā a ṇīsāsā
jāaṃti jassa virahe teṇa samaṃ kīriso māṇo"
375,"teṇa ṇa marāmi maṇṇūhi pūriā ajja jeṇa re suhaa
taggaamaṇā maraṃtī mā tujjha puṇo vi laggissaṃ"
376,"avarajjhasu vīsaddhaṃ savvaṃ te suhaa visahimo amhe
guṇaṇibbharammi hiae pattia dosā ṇa māaṃti"
377,"bhariuccaraṃtapasariapiasaṃbharaṇapisuṇo varāīe
parivāho via dukkhassa vahaï ṇaaṇaṭṭhio vāho"
378,"jaṃ jaṃ karesi jaṃ jaṃ jaṃpasi jaha jaha tumaṃ ṇiacchesi
taṃ tam aṇusikkhirīe dīho diaho ṇa saṃpaḍaï"
379,"bhaṃḍaṃtīa taṇāiṃ sottuṃ diṇṇāi jāi pahiassa
tāi ccea pahāe ajjā āaḍḍhaï ruaṃtī"
380,"vasaṇammi aṇuvviggā vihavammi agavviā bhae dhīrā
hoṃti ahiṇṇasahāvā samesu visamesu sappurisā"
381,"ajja sahi keṇa gose kaṃ pi maṇe vallahaṃ bharaṃteṇa
amhaṃ maaṇasarāhaahiaavaṇapphoḍaṇaṃ gīaṃ"
382,"uṭṭhaṃtamahāraṃbhe thaṇae daṭṭhūṇa muddhavahuāe
osaṇṇakavolāe ṇīsasiaṃ paḍhamaghariṇīe"
383,"garuachuhāuliassa vi vallahakariṇīmuhaṃ bharaṃtassa
saraso muṇālakavalo gaassa hatthe ccia milāṇo"
384,"pasia pie kā kuviā suaṇu tumaṃ paraaṇammi ko kovo
ko hu paro ṇāha tumaṃ kīsa aüṇṇāṇa me sattī"
385,"ehisi tumaṃ ti ṇimisaṃ va jaggiaṃ jāmiṇīa paḍhamaddhaṃ
sesaṃ saṃtāvaparavvasāi varisaṃ va volīṇaṃ"
386,"avalaṃvaha mā saṃkaha ṇa imā gahalaṃghiā paribbhamaï
atthakkagajjiubbhaṃtahitthahiaā pahiajāā"
387,"kesararaavicchaḍḍe maaraṃdo hoi jettio kamale
jaï bhamara tettio aṇṇahiṃ pi tā sohasi bhamaṃto"
388,"pecchaṃti aṇimisacchā pahiā haliassa piṭṭhapaṃḍuriaṃ
dhūaṃ duddhasamudduttaraṃtalacchiṃ via saaṇhā"
389,"kassa bharasi tti bhaṇie ko me atthi tti jaṃpamāṇīe
uvviggaroirīe amhe vi ruāviā tīe"
390,"pāapaḍiaṃ ahavve kiṃ dāṇi ṇa uṭṭhavesi bhattāraṃ
eaṃ cia avasāṇaṃ dūraṃ pi gaassa pemmassa"
391,"taḍaviṇihiaggahatthā vāritaraṃgehi gholiraṇiaṃvā
sālūrī paḍiviṃve purisāaṃti vva paḍihāi"
392,"sikkariamaṇiamuhaveviāi dhuahatthasiṃjiavvāi
sikkhaṃtu voḍahīo kusuṃbha tumhaṃ pasāeṇa"
393,"jettiamettā racchā ṇiaṃva kaha tettio ṇa jāo si
jeṇa chivijjaï guruaṇalajjosario vi so suhao"
394,"maragaasūīviddhaṃ va mottiaṃ piaï āaaggīvo
moro pāusaāle taṇaggalaggaṃ uaaviṃduṃ"
395,"ajjāi ṇīlakaṃcuabhariuvvariaṃ vihāi thaṇavaṭṭaṃ
jalabhariajalaharaṃtaradaruggaaṃ caṃdaviṃvaṃ va"
396,"rāaviruddhaṃ va kahaṃ pahio pahiassa sāhaï sasaṃkaṃ
jatto amvāṇa dalaṃ tatto daraṇiggaaṃ kiṃ pi"
397,"dhaṇṇā tā mahilāo jā daïaṃ siviṇae vi pecchaṃti
ṇidda ccia teṇa viṇā ṇa ei kā pecchae siviṇaṃ"
398,"parihariakaṇaakuṃḍalagaṃḍatthalamaṇaharesu savaṇesu
aṇṇua samaavaseṇaṃ parihijjaï tālaveṃṭajuaṃ"
399,"majjhaṇhapatthiassa vi gimhe pahiassa haraï saṃtāvaṃ
hiaaṭṭhiajāāmuhamaaṃkajoṇhājalappavaho"
400,"bhaṇa ko ṇa rūsaï jaṇo patthijjaṃto adesaālammi
raïvāvaḍā ruvaṃtaṃ piaṃ pi puttaṃ savaï māā"
401,"ḍajjhasi ḍajjhasu kutthasi kutthasu aha phuḍasi hiaa tā phuḍasu
taha vi parisesio ccia so khu mae galiasabbhāvo"
402,"daṭṭhūṇa raṃdatuṃḍaggaṇiggaaṃ ṇiasuassa dāḍhaggaṃ
bhoṃḍī viṇā vi kajjeṇa gāmaṇiaḍe jave caraï"
403,"helākaraggakaḍḍhiajalarikkaṃ sāaraṃ paāsaṃto
jaaï aṇiggahavaḍavaggibhariagaaṇo gaṇāhivaī"
404,"eeṇa ccia kaṃkelli tujjha taṃ ṇa tthi jaṃ ṇa pajjattaṃ
uvamijjaï jaṃ tuha pallaveṇa varakāmiṇīhattho"
405,"rasia viaḍḍha vilāsia samaaṇṇua saccaaṃ asoo si
varajuvaïcalaṇakamalāhao vi jaṃ viasasi saaṇhaṃ"
406,"valiṇo vāāvaṃhe cojjaṃ ṇiuṇattaṇaṃ ca paaḍaṃto
surasatthakaāṇaṃdo vāmaṇarūvo harī jaaï"
407,"vijjhāvijjaï jalaṇo gahavaïdhūāi vitthaasiho vi
aṇumaraṇaghaṇāliṃgaṇapiaamasuhasijjiraṃgīe"
408,"jāramasāṇasamubbhavabhūisuhapphaṃsasijjiraṃgīe
ṇa samappaï ṇavakāvāliṇīa uddhūlaṇāraṃbho"
409,"ekko paṇhaaï thaṇo vīo pulaei ṇahamuhālihio
puttassa piaamassa a majjhaṇisaṇṇāi ghariṇīa"
410,"ettāi ccia mohaṃ jaṇei vālattaṇe vi vaṭṭaṃtī
gāmaṇidhuā visalaa vva vaḍḍhiā kāhii aṇatthaṃ"
411,"apahuppaṃtaṃ mahimaṃḍalammi ṇahasaṃṭhiaṃ ciraṃ hariṇo
tārāupphappaaraṃciaṃ va taïaṃ paaṃ ṇamaha"
412,"suppaü taïo vi gao jāmo tti sahīu kīsa maṃ bhaṇaha
sehāliāṇa gaṃdho ṇa dei sottuṃ suaha tumhe"
413,"kaha so ṇa saṃbharijjaï jo me taha saṃṭhiāi aṃgāiṃ
ṇivvattie vi surae ṇijjhāaï suraarasio vva"
414,"sukkhaṃtavahalakaddamaghammavisūraṃtakamaḍhapāḍhīṇaṃ
diṭṭhaṃ aïṭṭhaüvvaṃ kāleṇa talaṃ taḍāassa"
415,"coriaraasaddhāluṇi mā putti bhammasu aṃdhaārammi
ahiaaraṃ lakkhijjasi tamabharie dīvaasiha vva"
416,"vāhittā paḍivaaṇaṃ ṇa dei rūsei ekkamekkassa
asaī kajjeṇa viṇā palippamāṇe ṇaīkacche"
417,"āma asaï mha osara païvvae ṇa tuha maïliaṃ gottaṃ
kiṃ uṇa jaṇassa jāa vva caṃḍilaṃ tā ṇa kāmemo"
418,"ṇiddaṃ lahaṃti kahiaṃ suṇaṃti khaliakkharaṃ ṇa jaṃpaṃti
jāhi ṇa diṭṭho si tumaṃ tāo ccia suhaa suhiāo"
419,"vālaa tumāi diṇṇaṃ kaṇṇe kāūṇa vorasaṃghāḍiṃ
lajjāluiṇī vi vahū gharaṃ gaā gāmaracchāe"
420,"aha so vilakkhahiao mae ahavvāi agahiāṇuṇao
paravajjaṇaccirīhiṃ tumhehi uvekkhio ṇiṃto"
421,"dīsaṃto ṇaaṇasuho ṇivvudijaṇaṇo karehi vi chivaṃto
abbhatthio ṇa labbhaï caṃdo vva pio kalāṇilao"
422,"je līṇabhamarabharabhaggagocchaā āsi ṇaïaḍucchaṃge
kāleṇa vaṃjulā piavaassa te khaṇṇuā jāā"
423,"khaṇabhaṃgureṇa pemmeṇa māuā dūmia mhi ettāhe
siviṇaaṇihilaṃbheṇa va diṭṭhapaṇaṭṭheṇa loammi"
424,"cāo sahāvasaralaṃ vicchuhaï saraṃ guṇammi ṇivaḍaṃtaṃ
vaṃkassa ujjuassa a saṃvaṃdho kiṃ ciraṃ hoi"
425,"paḍhamaṃ vāmaṇavihiṇā pacchā hu kao viaṃbhamāṇeṇa
thaṇajualeṇa imīe mahumahaṇeṇa vva valivaṃdho"
426,"mālaïkusumāi kuluṃciūṇa mā jāṇa ṇivvuo sisiro
kāavvā ajja vi ṇigguṇāṇa kuṃdāṇa sāmiddhī"
427,"tuṃgāṇa visesaṇiraṃtarāṇa sarasavaṇaladdhasohāṇaṃ
kaakajjāṇa bhaḍāṇa va thaṇāṇa paḍaṇaṃ pi ramaṇijjaṃ"
428,"parimalaṇasuhā garuā aladdhavivarā salakkhaṇāharaṇā
thaṇaā kavvālāa vva kassa hiae ṇa laggaṃti"
429,"khippaï hāro thaṇamaṃḍalāhi taruṇīhi ramaṇapariraṃbhe
acciaguṇā vi guṇiṇo lahaṃti lahuattaṇaṃ kāle"
430,"aṇṇo ko vi sahāvo vammahasihiṇo halā haāsassa
vijjhāi ṇīrasāṇaṃ hiae sarasāṇa pajjalaï"
431,"taha tassa māṇaparivaḍḍhiassa cirapaṇaavaddhamūlassa
māmi paḍaṃtassa suo saddo vi ṇa pemmarukkhassa"
432,"pāapaḍio ṇa gaṇio piaṃ bhaṇaṃto vi appiaṃ bhaṇio
vaccaṃto vi ṇa ruddho bhaṇa kassa kae kao māṇo"
433,"pusaï khaṇaṃ dhuaï khaṇaṃ papphoḍaï takkhaṇaṃ aāṇaṃtī
muddhavahū thaṇavaṭṭe diṇṇaṃ daïeṇa ṇakkhavaaṃ"
434,"vāsāratte uṇṇaapaohare jovvaṇe vva volīṇe
paḍhamekkakāsakusumaṃ dīsaï paliaṃ va dharaṇīe"
435,"kattha gaaṃa raïviṃvaṃ kattha paṇaṭṭhāu caṃdatārāu
gaaṇe valāavaṃtiṃ kālo horaṃ va kaṭṭhei"
436,"aviralapaḍaṃtaṇavajaladhārārajjughaḍiaṃ paatteṇa
apahutto ukkhiviuṃ rasaï va meho mahiṃ uaha"
437,"o hiaa ohidiahaṃ taïā paḍivajjiūṇa daïassa
atthakkāula vīsaṃbhaghāi kiṃ taï samāḍhattaṃ"
438,"jo vi ṇa āṇaï tassa vi kahei bhaggāi teṇa valaāiṃ
aïujjuā varāī ahava pio se haāsāe"
439,"sāmāi garuajovvaṇavisesabharie kavolamūlammi
pijjaï ahomuheṇa va kaṇṇavaaṃseṇa lāvaṇṇaṃ"
440,"seulliasavvaṃgī gottaggahaṇeṇa tassa suhaassa
dūiṃ appāheṃtī tassea gharaṃgaṇaṃ pattā"
441,"jammaṃtare vi calaṇe jīeṇaṃ maaṇa tujjha accissaṃ
jaï taṃ pi teṇa vāṇeṇa vijjhase jeṇa haṃ viddhā"
442,"ṇiavakkhāroviadehabhāraṇiuṇaṃ rasaṃ lahaṃteṇa
viasāviūṇa pijjaï mālaïkaliā mahuareṇa"
443,"kuruṇāho via pahio dummijjaï māhavassa milieṇa
bhīmeṇa jahicchāe dāhiṇavāeṇa chippaṃto"
444,"jāva ṇa kosaviāsaṃ pāvaï īsīsi mālaīkaliā
maaraṃdapāṇalohilla bhamara tāva ccia malesi"
445,"akaaṇṇua tujjha kae pāusarāīsu jaṃ mae khuṇṇaṃ
uppekkhāmi alajjira ajja vi taṃ gāmacikkhillaṃ"
446,"rehaï galaṃtakesakkhalaṃtakuṃḍalalalaṃtahāralaā
addhuppaïā vijjāhari vva purisāirī vālā"
447,"jaï bhamasi bhamasu emea kaṇha sohaggagavviro goṭṭhe
mahilāṇaṃ dosaguṇe viāriuṃ jaï khamo si tumaṃ"
448,"saṃjhāsamae jalapūriaṃjaliṃ vihaḍiekkavāmaaraṃ
gorīa kosapāṇujjaaṃ va pamahāhivaṃ ṇamaha"
449,"gāmaṇiṇo savvāsu vi piāsu aṇumaraṇagahiavesāsu
mammaccheesu vi vallahāi uvariṃ valaï diṭṭhī"
450,"māmi sarisakkharāṇa vi atthi viseso paaṃpiavvāṇaṃ
ṇehamaïāṇam aṇṇo aṇṇo uvarohamaïāṇaṃ"
451,"hiaāhiṃto pasaraṃti jāi aṇṇāi tāi vaaṇāi
osarasu kiṃ imehiṃ aharaṃtaramettabhaṇiehiṃ"
452,"kaha sā sohaggaguṇaṃ mae samaṃ vahaï ṇigghiṇa tumammi
jīa harijjaï ṇāmaṃ hariūṇa a dijjae majjha"
453,"sahi sāhasu sabbhāveṇa pucchimo kiṃ asesamahilāṇaṃ
vaḍḍhaṃti karattha ccia valaā daïe paütthammi"
454,"bhamaï parido visūraï ukkhiviuṃ se karaṃ pasārei
kariṇo paṃkakkhuttassa ṇehaṇialāviā kariṇī"
455,"raïkelihiaṇiaṃsaṇakarakisalaaruddhaṇaaṇajualassa
ruddassa taïaṇaaṇaṃ pavvaïpariuṃviaṃ jaaï"
456,"dhāvaï purao pāsesu bhamaï diṭṭhīpahammi saṃṭhāi
ṇavalaïkarassa tuha haliaütta de paharasu varāiṃ"
457,"kārimam āṇaṃdavaḍaṃ bhāmijjaṃtaṃ vahūa sahiāhiṃ
pecchaï kumārijāro hāsummīsehi acchīhiṃ"
458,"saṇiaṃ saṇiaṃ laliaṃgulīa maaṇavaḍalāaṇaṇiheṇa
vaṃdhaï dhavalavvaṇavaṭṭaaṃ va vaṇiāhare taruṇī"
459,"raïviramalajjiāo appattaṇiaṃsaṇāu sahasa tti
ḍhakkaṃti piaamāliṃgaṇeṇa jahaṇaṃ kulavahūo"
460,"pāaḍiaṃ sohaggaṃ taṃvāe uaha goṭṭhamajjhammi
duṭṭhavusahassa siṃge acchiuḍaṃ kaṃḍuaṃtīe"
461,"ua saṃbhamavikkhittaṃ ramiavvaalaṃpaḍāi asaīe
ṇavaraṃgaaṃ kuḍaṃge dhaaṃ va diṇṇaṃ aviṇaassa"
462,"hatthapphaṃseṇa jaraggavī vi paṇhaaï dohaaguṇeṇa
avaloiapaṇhuiriṃ puttaa puṇṇehi pāvihisi"
463,"masiṇaṃ caṃkammaṃtī pae pae kuṇaï kīsa muhabhaṃgaṃ
ṇūṇaṃ se mehaliā jahaṇagaaṃ chivaï ṇahavaṃtiṃ"
464,"saṃvāhaṇasuharasatosieṇa deṃteṇa tuha kare lakkhaṃ
calaṇeṇa vikkamāiccacariam anusikkhiaṃ tissā"
465,"pāapaḍaṇāṇa muddhe rahasavalāmoḍicuṃviavvāṇaṃ
daṃsaṇamettapasaṇṇe cukkā si suhāṇa vahuāṇaṃ"
466,"de suaṇu pasia eṇhiṃ puṇo vi sulahāi rūsiavvāiṃ
esā maacchi maalaṃchaṇujjalā galaï chaṇarāī"
467,"āvaṇṇāi kulāiṃ do ccia jāṇaṃti uṇṇaïṃ ṇeuṃ
gorīa hiaadaïo ahavā sālāhaṇaṇariṃdo"
468,"ṇikkhaṃdhadurārohaṃ puttaa mā pāḍaliṃ samāruhasu
ārūḍhaṇivaḍiā ke imīa ṇa kaā haāsāe"
469,"gāmaṇigharammi attā ekka ccia pāḍalā ihaggāme
vahupāḍalaṃ ca sīsaṃ diarassa ṇa suṃdaraṃ eaṃ"
470,"aṇṇāṇa vi hoṃti muhe pamhaladhavalāi dīhakasaṇāi
ṇaaṇāi suṃdarīṇaṃ taha vi hu daṭṭhuṃ ṇa āṇaṃti"
471,"haṃsehi va tuha raṇajalaasamaabhaacaliavihalavakkhehiṃ
parisesiapommāsehi māṇasaṃ gammaï riūhiṃ"
472,"duggaagharammi ghariṇī rakkhaṃtī āulattaṇaṃ païṇo
pucchiadohalasaddhā puṇo vi uaaṃ cia kahei"
473,"āaṃvaloaṇāṇaṃ ollaṃsuapāaḍorujahaṇāṇaṃ
avaraṇhamajjirīṇaṃ kaeṇa kāmo vahaï cāvaṃ"
474,"ke uvvariā ke iha ṇa khaṃḍiā ke ṇa luttaguruvihavā
ṇaharāi vesiṇīo gaṇaṇārehāu va vahaṃti"
475,"viraheṇa maṃdareṇa va hiaaṃ duddhoahiṃ va mahiūṇa
ummūliāi avvo amhaṃ raaṇāi va suhāiṃ"
476,"ujjuarae ṇa tūsaï vaṃkammi vi āamaṃ viappei
ettha ahavvāi mae pie piaṃ kaha ṇu kāavvaṃ"
477,"vahuvihavilāsarasie surae mahilāṇa ko uvajjhāo
sikkhaï asikkhiāi vi savvo ṇehāṇuvaṃdheṇa"
478,"vaṇṇavasie viatthasi saccaṃ cia so tue ṇa saṃbhavio
ṇa hu hoṃti tammi diṭṭhe sutthāvatthāi aṃgāiṃ"
479,"āsaṇṇavivāhadiṇe ahiṇavavahusaṃgamussuamaṇassa
paḍhamaghariṇīa suraaṃ varassa hiae ṇa saṃṭhāi"
480,"jaï loaṇiṃdiaṃ jaï amaṃgalaṃ jaï vi mukkamajjāaṃ
pupphavaïdaṃsaṇaṃ taha vi dei hiaassa ṇivvāṇaṃ"
481,"jaï ṇa chivasi pupphavaïṃ purao tā kīsa vārio ṭhāsi
chitto si culaculaṃtehi dhāviūṇa ămha hatthehi"
482,"ujjāgaraakasāiagaruacchī mohamaṃḍaṇavilakkhā
lajjaï lajjāluiṇī sā suhaa sahīṇa vi varāī"
483,"ṇa vi taha aïgarueṇa vi tammaï hiae bhareṇa gabbhassa
jaha vivarīaṇihuaṇaṃ piammi soṇhā apāvaṃtī"
484,"agaṇiajaṇāvavāaṃ avahatthiaguruaṇaṃ varāīe
tuha galiadaṃsaṇāsāi tīa valiuṃ ciraṃ ruṇṇaṃ"
485,"hiaaṃ hiae ṇihiaṃ cittālihia vva tuha muhe diṭṭhī
āliṃgaṇarahiāiṃ ṇavaraṃ jhijjaṃti aṃgāiṃ"
486,"ahaaṃ vioataṇuī dusaho virahāṇalo calaṃ jīaṃ
appāhijjaü kiṃ sahi jāṇasi taṃ cea jaṃ juttaṃ"
487,"tuha virahujjāgarao siviṇe vi ṇa dei daṃsaṇasuhāi
vāheṇa pahāloaṇaviṇoaṇaṃ se haaṃ taṃ pi"
488,"aṇṇāvarāhakuvio jaha taha kāleṇa gacchaï pasāaṃ
vesattaṇāvarāhe kuviaṃ kaha taṃ pasāemi"
489,"dīsasi piāi jaṃpasi sabbhāvo suhaa ettio ccea
phāleiūṇa hiaaṃ sāhasu ko dāvae kassa"
490,"uaaṃ lahiuṃ uttāṇiāṇaṇā hoṃti ke vi savisesaṃ
rittā ṇamaṃti suiraṃ rahaṭṭaghaḍia vva kāpurisā"
491,"bhaggapiasaṃgamaṃ kettiaṃ va joṇhājalaṃ ṇahasarammi
caṃdaarapaṇālaṇijharaṇivahapaḍaṃtaṃ ṇa ṇiṭṭhāi"
492,"suṃdarajuāṇajaṇasaṃkule vi tuha daṃsaṇaṃ vimaggaṃtī
raṇṇe va bhamaï diṭṭhī varāiāe samuvviggā"
493,"aïkovaṇā vi sāsū ruāviā gaavaīa soṇhāe
pāapaḍanoṇaāe dosu vi galiesu valaesu"
494,"rovaṃti vva araṇṇe dūsaharaïkiriṇaphaṃsasaṃtattā
aïtārajhilliviruehi pāavā gimhamajjhaṇhe"
495,"paḍhamaṇilīṇamahuramahulohillāliulavaddhajhaṃkāraṃ
ahimaarakiraṇaṇiuruṃvacuṃviaṃ dalaï kamalavaṇaṃ"
496,"gottakkhalaṇaṃ soūṇa piaame ajja tīa chaṇadiahe
vajjhamahisassa māla vva maṃḍaṇaṃ uaha paḍihāi"
497,"mahamahaï malaavāo attā vārei maṃ gharā ṇiṃtiṃ
aṃkollaparimaleṇa vi jo kkhu muo so muo ccea"
498,"muhapecchao paī se sā vi hu savisesadaṃsaṇummaïā
do vi kaatthā puhaïṃ amahilapurisaṃ va maṇṇaṃti"
499,"khemaṃ katto khemaṃ jo so khujjaṃvao gharaddāre
tassa kira matthaāo ko vi aṇattho samuppaṇṇo"
500,"rasiajaṇahiaadaïe kaïvacchalapamuhasukaïṇimmaïe
sattasaammi samattaṃ paṃcamagāhāsaaṃ eaṃ"
501,"āucchaṇavicchāaṃ jāāi muhaṃ ṇiacchamāṇeṇa
pahieṇa soaṇialāvieṇa gaṃtuṃ cia ṇa iṭṭhaṃ"
502,"sūīvehe musalaṃ vicchuhamāṇeṇa ḍaḍḍhaloeṇa
ekkaggāme vi pio samehi acchīhi vi ṇa diṭṭho"
503,"ajjaṃ pi dāva ekkaṃ mā maṃ vārehi piasahi ruaṃtiṃ
kalliṃ uṇa tammi gae jaï ṇa muā tā ṇa roissaṃ"
504,"ehi tti vāharaṃtammi piaame uaha oṇaamuhīe
viuṇāveḍhiajahaṇatthalāi lajjoṇaaṃ hasiaṃ"
505,"māresi kaṃ ṇa muddhe imeṇa rattaṃtatikkhavisameṇa
bhulaācāvaviṇiggaatikkhaaraddhacchibhalleṇa"
506,"tuha daṃsaṇe saaṇhā saddaṃ soūṇa ṇiggaā jāiṃ
taï volīṇe tāiṃ paāi voḍhavvaā jāā"
507,"īsāmacchararahie hi ṇivviārehi māmi acchīhiṃ
eṇhiṃ jaṇo jaṇam miva ṇiacchae kuha ṇa jhijjāmo"
508,"vāuddhaasicaavihāviorudiṭṭheṇa daṃtamaggeṇa
vahumāā tosijjaï ṇihāṇakalasassa va muheṇa"
509,"hiaammi vasasi ṇa karesi maṇṇuaṃ taha vi ṇehabhariehiṃ
saṃkijjasi juaïsahāvagaliadhīrehi amhehiṃ"
510,"aṇṇaṃ pi kiṃ pi pāvihisi mūḍha mā tamma dukkhametteṇa
hiaa parāhīṇajaṇaṃ mahaṃta tuha kettiaṃ eaṃ"
511,"veso si jīa paṃsula ahiaaraṃ sā hu vallahā tujjha
ia jāṇiūṇa vi mae ṇa īsiaṃ ḍaḍḍhapemmassa"
512,"sā āma suhaa guṇarūasohirī āma ṇigguṇā ahaaṃ
bhaṇa tīa jo ṇa sariso kiṃ so savvo jaṇo maraü"
513,"saṃtam asaṃtaṃ dukkham suhaṃ ca jāo gharassa jāṇaṃti
tā puttaa mahilāo sesāu jarā maṇussāṇaṃ"
514,"hasiehi uvālaṃbhā accuvaārehi khijjiavvāiṃ
aṃsūhi bhaṃḍaṇāiṃ eso maggo sumahilāṇaṃ"
515,"ullāvo mā dijjaü loaviruddhaṃ ti ṇāma kāūṇa
samuhāvaḍie ko uṇa vese diṭṭhiṃ ṇa pāḍei"
516,"sāhīṇapiaamo duggao vi maṇṇaï kaattham appāṇaṃ
piarahio uṇa puhaviṃ pi pāviuṃ duggao ccea"
517,"kiṃ ruasi kiṃ va soasi kiṃ kuppasi suaṇu ekkamekkassa
pemmaṃ visaṃ va visamaṃ sāhasu ko ruṃbhiuṃ taraï"
518,"te a juāṇā tā gāmasaṃpaā taṃ ca amha tāruṇṇaṃ
akkhāṇaaṃ va loo kahei amhe vi taṃ suṇimo"
519,"vāhohabhariagaṃḍāharāi bhaṇiaṃ vilakkhahasirīe
ajja vi kiṃ rūsijjaï savahāvatthaṃ gaaṃ pemmaṃ"
520,"vaṇṇagghaatuppamuhiṃ jo maṃ aïāareṇa cuṃvaṃto
eṇhiṃ so bhūsaṇabhūsiaṃ pi alasāaï chivaṃto"
521,"ṇīlavaḍapāuaṃgi tti mā hu ṇaṃ pariharijjāsu
paṭṭaṃsuaṃ pi ṇaddhaṃ raammi avaṇijjaï ccea"
522,"saccaṃ kalahe kalahe suraāraṃbhā puṇo ṇavā hoṃti
māṇo uṇa māṇaṃsiṇi garuo pemmaṃ viṇāsei"
523,"māṇummattāi mae akāraṇaṃ kāraṇaṃ kuṇaṃtīe
addaṃsaṇeṇa pemmaṃ viṇāsiaṃ poḍhavāeṇa"
524,"aṇuūlaṃ cia vottuṃ vahuvallaha vallahe vi vese vi
kuviaṃ ca pasāeuṃ sikkhaï loo tumāhiṃto"
525,"lajjā cattā sīlaṃ ca khaṃḍiaṃ ajasaghosaṇā diṇṇā
jassa kaeṇaṃ piasahi so ccea jaṇo jaṇo jāo"
526,"hasiaṃ aïṭṭhadaṃtaṃ bhamiam aṇikkaṃtadehalīdesaṃ
diṭṭam aṇukkhittamuhaṃ eso maggo kulavahūṇaṃ"
527,"dhūlimaïlo vi paṃkaṃkio vi taṇaraïadehabharaṇo vi
taha vi gaïṃdo garuattaṇeṇa ḍhakkaṃ samuvvahaï"
528,"karamari kīsa ṇa gammaï ko gavvo jeṇa masiṇagamaṇā si
adiṭṭhadaṃtaṃ hasirīa jaṃpiaṃ cora jāṇihisi"
529,"thoraṃsuehi ruṇṇaṃ savattivaggeṇa pupphavaïāe
bhuasiharaṃ païṇo pecchiūṇa siralaggatuppaliaṃ"
530,"loo jūraï jūraü vaaṇijjaṃ hoi hou taṃ ṇāma
ehi ṇimajjasu pāse pupphavaï ṇa ei me ṇiddā"
531,"jaṃ jaṃ pulaemi disaṃ purao lihio vva īsase tattha
tuha paḍimāparivāḍiṃ vahaï va saalaṃ disācakkaṃ"
532,"osaraï dhuṇaï sāhaṃ khokkhāmuhalo puṇo samullihaï
jaṃvūphalaṃ ṇa geṇhaï bhamaro tti kaī paḍhamaḍakko"
533,"ṇa chivaï hatteṇa kaī kaṃḍūibhaeṇa pattalaṇiuṃje
daralaṃvigocchakaïkacchusacchahaṃ vāṇarīhatthaṃ"
534,"sarasā vi sūsaï ccia jāṇaï dukkhāi muddhahiaā vi
rattā vi paṃḍura ccia jāā varaī tuha vioe"
535,"āruhaï juṇṇaaṃ khujjaaṃ pi jaṃ uaha vallarī taüsī
ṇīluppalaparimalavāsiassa saraassa so doso"
536,"uppahapahāviajaṇo paviaṃbhiakalaalo pahaatūro
avvo so ccea chaṇo teṇa viṇā gāmaḍāho vva"
537,"ullāvaṃteṇa ṇa hoi kassa pāsaṭṭhieṇa thaḍḍeṇa
saṃkā masāṇapāavalaṃviacoreṇa va khaleṇa"
538,"asamattagaruakajje eṇhiṃ pahie gharaṃ ṇiattaṃte
ṇavapāuso piucchā hasaï va kuḍaaṭṭahāsehiṃ"
539,"daṭṭhūṇa uṇṇamaṃte mehe āmukkajīviāsāe
pahiaghariṇīa ḍiṃbho oruṇṇamuhīa saccavio"
540,"avihavalakkhaṇavalaaṃ ṭhāṇaṃ ṇeṃto puṇo puṇo galiaṃ
sahisattho ccia māṇaṃsiṇīa valaārao jāo"
541,"pahiavahū vivaraṃtaragaliajalolle ghare aṇollaṃ pi
uddesaṃ aviraavāhasalilaṇivaheṇa ollei"
542,"jīhāi kuṇaṃti piaṃ hoṃti a hiaammi ṇivvuiṃ kāuṃ
pīḍijjaṃtā vi rasaṃ jaṇeṃti ucchū kulīṇā a"
543,"dīsaï ṇa cūamaülaṃ attā ṇa a vāi malaagaṃdhavaho
pattaṃ vasaṃtamāsaṃ sāhaï ukkaṃṭhiaṃ cea"
544,"aṃvavaṇe bhamaraülaṃ ṇa viṇā kajjeṇa ūsuaṃ bhamaï
katto jalaṇeṇa viṇā dhūmassa sihāu dīsaṃti"
545,"daïakaraggahalulio dhammillo sīhugaṃdhiaṃ vaaṇaṃ
maaṇammi ettiaṃ cia pasāhaṇaṃ haraï taruṇīṇaṃ"
546,"gāmataruṇīu hiaaṃ haraṃti cheāṇa thaṇaharillīo
maaṇe kusuṃbharāillakaṃcuābharaṇamettāo"
547,"āloaṃta disāo sasaṃta jaṃbhaṃta gaṃta roaṃta
mucchaṃta paḍaṃta khalaṃta pahia kiṃ te paüttheṇa"
548,"daṭṭhūṇa taruṇasuraaṃ vivihavilāsehi karaṇasohillaṃ
dīvo vi taggaamaṇo gaaṃ pi tellaṃ ṇa lakkhei"
549,"puṇaruttakarapphālaṇam uhaataḍullihaṇapīḍaṇasaāiṃ
jūhāhivassa māe puṇo vi jaï ṇammaā sahaï"
550,"voḍasuṇao vivaṇṇo attā mattā paī vi aṇṇattho
phaḍahī vi moḍiā mahisaeṇa ko kassa sāheu"
551,"sakaaggaharahasuttāṇiāṇaṇā piaï piamuhaviiṇṇaṃ
thoaṃ thoaṃ rososahaṃ va ua māṇiṇī maïraṃ"
552,"girisotto tti bhuaṃgaṃ mahiso jīhāi lihaï saṃtatto
mahisassa kaṇhapattharajharo tti sappo piaï lālaṃ"
553,"paṃjarasāriṃ attā ṇa ṇesi kiṃ ettha raïharāhiṃto
vīsaṃbhajaṃpiāiṃ esā loāṇa paaḍei"
554,"eddahamette gāme ṇa paḍaï bhikka tti kīsa maṃ bhaṇasi
dhammia karaṃjabhaṃjaa jaṃ jīasi taṃ pi de vahuaṃ"
555,"jaṃtia gulaṃ vimaggasi ṇa a me icchāi vāhase jaṃtaṃ
aṇarasia kiṃ ṇa āṇasi ṇa raseṇa viṇā gulo hoi"
556,"pattaṇiaṃvapphaṃsā ṇhāṇuttiṇṇāi sāmalaṃgīe
jalaviṃduehi cihurā ruaṃti vaṃdhassa va bhaeṇa"
557,"gāmaṃgaṇaṇiaḍiakaṇhavakkha vaḍa tujjha dūram aṇulaggo
tattillapaḍikkhaabhoio vi gāmo ṇa uvviggo"
558,"suppaṃ ḍaḍḍhaṃ caṇaā ṇa bhajjiā so juā aïkkaṃto
attā vi ghare kuviā bhūāṇa va vāio vaṃso"
559,"pisuṇeṃti kāmiṇīṇaṃ jalalukkapiāvaūhaṇasuhelliṃ
kaṃḍaïakavolupphullaṇiccalacchīi vaaṇāi"
560,"ahiṇavapāusarasiesu sŏhaï sāmāiesu diahesu
rahasapasāriagīvāṇa ṇacciaṃ moravuṃdāṇaṃ"
561,"mahisakkhaṃdhavilaggaṃ gholaï siṃgāhaaṃ simisimaṃtaṃ
āhaavīṇājhaṃkārasaddamuhalaṃ masaavuṃdaṃ"
562,"rehaṃti kumuadalaṇiccalaṭṭhiā mattamahuaraṇihāā
sasiaraṇīsesapaṇāsiassa gaṃṭhi vva timirassa"
563,"uaha tarukoḍarāo ṇikkaṃtaṃ pūsuāṇa riṃcholiṃ
sarae jario vva dumo pittaṃ va salohiaṃ vamaï"
564,"dhārādhuvvaṃtamuhā laṃviavakkhā ṇiuṃciaggīvā
vaïveḍhaṇesu kāā sūlāhiṇṇa vva dīsaṃti"
565,"ṇa vi taha anālavaṃtī hiaaṃ dūmei māṇiṇī ahiaṃ
jaha dūraviaṃbhiagaruarosamajjhatthabhaṇiehiṃ"
566,"gaṃdhaṃ agghāaṃtaa pikkakalaṃvāṇa vāhabhariaccha
āsasu pahiajuāṇaa ghariṇimuhaṃ mā ṇa pecchihisi"
567,"gajja mahaṃ cia uvariṃ savvatthāmeṇa lohahiaassa
jalahara laṃvālaïaṃ mā re mārehisi varāiṃ"
568,"paṃkamaïleṇa chīrekkapāiṇā diṇṇajāṇuvaḍaṇeṇa
ānaṃdijjaï halio putteṇa va sālichetteṇa"
569,"kaha me pariṇaïāle khalasaṃgo hohii tti ciṃtaṃto
oṇaamuho sasūo ruaï va sālī tusāreṇa"
570,"saṃjhārāotthaïo dīsaï gaaṇammi paḍivaācaṃdo
rattaduūlaṃtario thaṇaṇahaleho vva ṇavavahūe"
571,"aï diara kiṃ ṇa pecchasi āāsaṃ kiṃ muhā paloesi
jāāi vāhumūlammi addhaaṃdāṇa parivāḍiṃ"
572,"vāāi kiṃ bhaṇijjaü kettiamettaṃ va likkhae lehe
tuha virahe jaṃ dukkhaṃ tassa tumaṃ cea gahiattho"
573,"maaṇaggiṇo vva dhūmaṃ mohaṇapicchiṃ va loadiṭṭhīe
jovvaṇadhaaṃ va muddhā vahaï suaṃdhaṃ ciurabhāraṃ"
574,"rūaṃ siṭṭhaṃ cia se asesapurise ṇiattiaccheṇa
vāholleṇa imīe ajaṃpamāṇeṇa vi muheṇa"
575,"ruṃdāraviṃdamaṃdiramaaraṃdāṇaṃdiāliriṃcholī
jhaṇajhaṇaï kasaṇamaṇimehala vva mahumāsalacchīe"
576,"kassa karo vahupuṇṇapphalekkataruṇo tuhaṃ visammihaï
thaṇapariṇāhe mammahaṇihāṇakalase vva pāroho"
577,"corā sabhaasataṇhaṃ puṇo puṇo pesaaṃti diṭṭhīo
ahirakkhiaṇihikalase vva poḍhavaïāthanucchaṃge"
578,"uvvahaï ṇavataṇaṃkuraromaṃcapasāhiāi aṃgāiṃ
pāusalacchīa paoharehi paripellio viṃjho"
579,"āma vahalā vaṇālī muhalā jalaraṃkuṇo jalaṃ sisiraṃ
aṇṇaṇaīṇa vi revāi taha vi aṇṇe guṇā ke vi"
580,"eha imīa ṇiacchaha pariṇaamālūrasacchahe thaṇae
tuṃge sappurisamaṇorahe vva hiae amāaṃte"
581,"hatthāhatthiṃ aham ahamiāi vāsāgamammi mehehiṃ
avvo kiṃ pi rahassaṃ chaṇṇaṃ pi ṇahaṃgaṇaṃ galaï"
582,"kettiamettaṃ hohii sohaggaṃ piaamassa bhamirassa
mahilāmaaṇachuhāulakaḍakkhavikkhevagheppaṃtaṃ"
583,"ṇiadhaṇiaṃ uvaūhasu kukkuḍasaddeṇa jhatti paḍivuddho
paravasahivāsasaṃkira ṇiae vi gharammi mā bhāsu"
584,"kharapavaṇaraagalatthiagiriūḍāvaḍaṇabhiṇṇadehassa
dhukkādhukkaï jīaṃ va vijjuā kālamehassa"
585,"mehamahisassa ṇajjaï uare suracāvakoḍibhiṇṇassa
kaṃdaṃtassa saviaṇaṃ aṃtaṃ va palaṃvae vijjū"
586,"ṇavapallavaṃ visaṇṇā pahiā pecchaṃti cūarukkhassa
kāmassa lohiuppaṃgarāiaṃ hatthabhallaṃ va"
587,"mahilāṇaṃ cia doso jeṇa pavāsammi gavviā purisā
do tiṇṇi jāva ṇa maraṃti tā ṇa virahā samappaṃti"
588,"vālaa de vacca lahuṃ maraï varāī alaṃ vilaṃveṇa
sā tujjha daṃsaṇeṇa vi jīvejja ṇa ettha saṃdeho"
589,"taṃmirapasariahuavahajālolipalīvie vaṇābhoe
kiṃsuavaṇaṃ ti kaliūṇa muddhahariṇo ṇa ṇikkamaï"
590,"ṇihuaṇasippaṃ taha sāriāi ullāviaṃ mha gurupurao
jaha taṃ velaṃ māe ṇa āṇimo kattha vaccāmo"
591,"paccaggupphulladalullasaṃtamaaraṃdapāṇalehalao
taṃ ṇa tthi kuṃdakaliāi jaṃ ṇa bhamaro mahaï kāuṃ"
592,"so ko vi guṇāisao ṇa āṇimo māmi kuṃdalaïāe
acchīhiṃ cia pāuṃ ahilassaï jeṇa bhamarehiṃ"
593,"ekka ccia rūaguṇaṃ gāmaṇidhūā samuvvahaï
aṇimisaṇaaṇo saalo jīe devīkao gāmo"
594,"maṇṇe āsāo ccia ṇa pāvio piaamāhararasassa
tiasehi jeṇa raaṇāarāhi amaaṃ samuddhariaṃ"
595,"āaṇṇāaḍḍhiaṇisiabhallamammāhaāi hariṇīe
addaṃsaṇo pio hohii tti valiuṃ ciraṃ dittho"
596,"visamaṭṭhiapikkekkaṃvadaṃsaṇe tujjha sattughariṇīa
ko ko ṇa patthio pahiāṇaṃ ḍiṃbhe ruaṃtammi"
597,"mālārī laliulluliavāhumūlehi taruṇahiaāiṃ
ullūraï sajjullūriāi kusumāi dāveṃtī"
598,"majjho pio kuaṃḍo pallijuāṇā savattīo
jaha jaha vaḍḍhaṃti thaṇā taha taha jhijjaṃti paṃca vāhīe"
599,"mālārīe vellahalavāhumūlāvaloaṇasaaṇho
aliaṃ pi bhamaï kusumagghapucchiro paṃsulajuāṇo"
600,"rasiajaṇahiaadaïe kaïvacchalapamuhasukaïṇimmaïe
sattasaammi samattaṃ saṭṭhaṃ gāhāsaaṃ eaṃ"
601,"akaaṇṇua ghaṇavaṇṇaṃ ghaṇavaṇṇaṃtariataraṇiaraṇiaraṃ
jaï re re vāṇīraṃ revāṇīraṃ pi ṇo bharasi"
602,"maṃdaṃ pi ṇa āṇaï haliaṇaṃdaṇo iha hi ḍaḍḍhagāmammi
gahavaïsuā vivajjaï avejjae kassa sāhāmo"
603,"ekkakkamaparirakkhaṇapahārasamuhe kuraṃgamihuṇammi
vāheṇa maṇṇuvialaṃtavāhadhoaṃ dhaṇuṃ mukkaṃ"
604,"tā suhaa vilaṃva khaṇaṃ bhaṇāmi kīa vi kaeṇa alam ahavā
aviāriakajjāraṃbhaāriṇī maraü ṇa bhaṇissaṃ"
605,"bhoiṇidiṇṇapaheṇaacakkhiadussikkhio haliaütto
ettāhe aṇṇapaheṇaāṇa chīvollaaṃ dei"
606,"paccūsamaūhāvaliparimalaṇasamūsasaṃtavattāṇaṃ
kamalāṇa raaṇivirame jialoasirī mahaṃmahaï"
607,"vāuvvelliasāhuli thaesu phuḍadaṃtamaṃḍalaṃ jahaṇaṃ
caḍuāraaṃ païṃ mā hu putti jaṇahāsiaṃ kuṇasu"
608,"vīsatthahasiaparisakkiāṇa paḍhamaṃ jalaṃjalī diṇṇo
pacchā vahūa gahio kuḍaṃvabhāro ṇimajjaṃto"
609,"gammihisi tassa pāsaṃ suṃdari mā tuara vaḍḍhaü miaṃko
duddhe duddhaṃ miva caṃdiāi ko pecchaï muhaṃ de"
610,"jaï jūraï jūraü ṇāma māmi paraloavasaṇio loo
taha vi valā gāmaṇiṇaṃdaṇassa vaaṇe valaï diṭṭhī"
611,"gehaṃ va vittarahiaṃ ṇijjharakuharaṃ va salilasuṇṇaïaṃ
gohaṇarahiaṃ goṭṭhaṃ va tīa vaaṇaṃ tuha vioe"
612,"tuha daṃsaṇeṇa jaṇio imīa lajjāulāi aṇurāo
duggaamaṇoraho via hiaa ccia jāi pariṇāmaṃ"
613,"jaṃ taṇuāaï sā tuha kaeṇa kiṃ jeṇa pucchasi hasaṃto
aha gimhe maha paaī evvaṃ bhaṇiūṇa oruṇṇā"
614,"vaṇṇakkamarahiassa vi esa guṇo ṇavari cittakammassa
ṇimisaṃ pi jaṃ ṇa muṃcaï pio jaṇo gāḍham uvaūḍho"
615,"avihattasaṃdhivaṃdhaṃ paḍhamarasubbheapāṇalohillo
uvvelliuṃ ṇa āṇaï khaṃḍaï kaliāmuhaṃ bhamaro"
616,"daravevirorujualāsu maüliacchīsu luliacihurāsu
purisāirīsu kāmo piāsu sajjāuho hoi"
617,"jaṃ jaṃ te ṇa suhāaï taṃ taṃ ṇa karemi jaṃ mam' āattaṃ
ahaaṃ cia jaṃ ṇa suhāmi suhaa taṃ kiṃ mam' āattaṃ"
618,"vāvāravisaṃvāaṃ saalāvaavāṇa kuṇaï haalajjā
savaṇāṇa uṇo gurusaṃṇihe vi ṇa ṇiruṃjhaï ṇioaṃ"
619,"kiṃ bhaṇaha maṃ sahīo mā mara dīsihaï so jiaṃtīe
kajjālāo eso siṇehamaggo uṇa ṇa hoi"
620,"ekkallamao diṭṭhīa maïa taha pulaïo saaṇhāe
piajāassa jaha dhaṇuṃ paḍiaṃ vāhassa hatthāo"
621,"ṇaliṇīsu bhamasi parimalasi sattalaṃ mālaïṃ pi ṇo muasi
taralattaṇaṃ tuha aho mahuara jaï pāḍalā haraï"
622,"doaṃgulaakavālaapiṇaddhasavisesaṇīlakaṃcuiā
dāvei thaṇatthalavaṇṇiaṃ va taruṇī juajaṇāṇaṃ"
623,"rakkhei puttaaṃ matthaeṇa occhoaaṃ paḍicchaṃtī
aṃsūhi pahiaghariṇī ollijjaṃtaṃ ṇa lakkhei"
624,"sarae sarammi pahiā jalāi kaṃdoṭṭasurahigaṃdhāi
dhavalacchāi saaṇhā piaṃti daïāṇa va muhāiṃ"
625,"abbhaṃtarasarasāo uvariṃ pavvāavaddhapaṃkāo
caṃkammaṃtammi jaṇe samūsasaṃti vva racchāo"
626,"muhapuṃḍarīachāāi saṃṭhie uaha rāahaṃse vva
chaṇapiṭṭhakuṭṭaṇucchaliadhūlidhavale thaṇe vahaï"
627,"taha teṇa vi sā diṭṭhā tīa vi taha tassa pesiā diṭṭhī
jaha doṇha vi samaaṃ cia ṇivvuttaraāi jāāi"
628,"vāuliāparisosaṇaṇiuṃjapattalaṇasulahasaṃkeā
sohaggakaṇaakasavaṭṭa gimha mā kaha vi jhijjihisi"
629,"dussikkhiaraaṇapasikkhaehi ghiṭṭho si patthare tāva
jā tilamettaṃ vaṭṭasi maragaa kā tujjha mullakahā"
630,"jaha ciṃtei pariaṇo āsaṃkaï jaha a tassa paḍivakkho
vāleṇa vi gāmaṇiṇaṃdaṇeṇa taha rakkhiā pallī"
631,"aṇṇesu pahia pucchasu vāhaaputtesu pusiacammāiṃ
amhaṃ vāhajuāṇo hariṇesu dhaṇuṃ ṇa ṇāmei"
632,"gaavahuvehavvaaro putto me ekkakaṃḍaviṇivāī
taha soṇhāi pulaïo jaha kaṃḍavaraṃḍaaṃ vahaï"
633,"viṃjhāruhaṇālāvaṃ pallī mā kuṇaü gāmaṇī sasaï
paccujjivio jaï kaha vi suṇaï tā jīviaṃ muaï"
634,"appāhei maraṃto puttaṃ pallīvaī paatteṇa
maha ṇāmeṇa jaha tumaṃ ṇa lajjase taha karejjāsu"
635,"aṇumaraṇapatthiāe paccāgaajīvie piaamammi
vehavvamaṃḍaṇaṃ kulavahūa sohaggaaṃ jāaṃ"
636,"mahumacchiāi daṭṭhaṃ daṭṭhūṇa muhaṃ piassa sūṇoṭṭhaṃ
īsāluī puliṃdī rukkhacchāaṃ gaā aṇṇaṃ"
637,"dhaṇṇā vasaṃti ṇīsaṃkamohaṇe vahalapattalavaïmmi
vāaṃdolaṇaoṇaviaveṇugahaṇe giriggāme"
638,"pupphullaghaṇakalaṃvā ṇiddhoasilāalā muiamorā
pasaraṃtojjharamuhalā ucchāhaṃte giriggāmā"
639,"taha parimaliā goveṇa teṇa hatthaṃ pi jā ṇa ollei
sa ccia khaḍaṇā eṇhiṃ pecchaha kuḍadohiṇī jāā"
640,"dhavalo jiaï tuha kae dhavalassa kae jiaṃti giṭṭhīo
jia taṃve amha vi jīvieṇa goṭṭhaṃ tumāattaṃ"
641,"agghāi chivaï cuṃvaï ṭhavei hiaammi jaṇiaromaṃco
jāākavolasarisaṃ pecchaha pahio mahuapupphaṃ"
642,"ua ollijjaï mohaṃ bhuaṃgakittīa kaḍaalaggāi
ojjharadhārāsaddhālueṇa sīsaṃ vaṇagaeṇa"
643,"kamalaṃ muaṃta mahuara pikkakaïtthāṇa gaṃdhaloheṇa
ālekkhalaḍḍuaṃ pāmaro vva chiviūṇa jāṇihisi"
644,"gijjaṃte maṃgalagāiāhi varagottadiṇṇaaṇṇāe
souṃ va ṇiggao uaha hoṃtavahuāi romaṃco"
645,"maṇṇe āaṇṇaṃtā āsaṇṇavivāhamaṃgaluggīaṃ
tehi juāṇehi samaṃ hasaṃti maṃ veasakuḍuṃgā"
646,"uagaacaütthimaṃgalahoṃtavioasavisesalaggehi
tīa varassa a seaṃsuehi ruṇṇaṃ va hatthehiṃ"
647,"ṇa a diṭṭhiṃ ṇei muhaṃ ṇa a chiviuṃ dei ṇā lavaï kiṃ pi
taha vi hu kiṃ pi rahassaṃ ṇavavahusaṃgo pio hoi"
648,"aliapasuttavalaṃtammi ṇavavare ṇavavahūa vevaṃto
saṃvelliorusaṃjamiavatthagaṃṭhiṃ gao hattho"
649,"pucchijjaṃtī ṇa bhaṇaï gahiā papphuraï cuṃviā ruaï
tuṇhikkā ṇavavahuā kaāvarāheṇa uvaūḍhā"
650,"tatto ccia hoṃti kahā viasaṃti tahiṃ tahiṃ samappaṃti
kiṃ maṇṇe māucchā ekkajuāṇo imo gāmo"
651,"jāi vaaṇāi amhe vi jaṃpimo tāi jaṃpaï jaṇo vi
tāiṃ cia teṇa pajaṃpiāi hiaaṃ suhāveṃti"
652,"savvāareṇa maggaha piaṃ jaṇaṃ jaï suheṇa vo kajjaṃ
jaṃ jassa hiaadaïaṃ taṃ ṇa suhaṃ jaṃ tahiṃ ṇa tthi"
653,"dīsaṃto diṭṭhisuho ciṃtijjaṃta maṇavallaho attā
ullāvaṃta suisuho pio jaṇo ṇicca ramaṇijjo"
654,"ṭhāṇabbhaṭṭhā parigaliapīṇaā uṇṇaīa paricattā
amhe uṇa ṭheripaohara vva uare ccia ṇisanṇā"
655,"paccūsāgaa raṃjiadeha piāloa loaṇāṇaṃda
aṇṇattakhaviasavvari ṇahabhūsaṇa diṇavaï ṇamo de"
656,"vivarīasuraalehaḍa pucchasi maha kīsa gabbhasaṃbhūiṃ
oatte kuṃbhamuhe jalalavakaṇiā vi kiṃ ṭhāi"
657,"accāsaṇṇavivāhe samaṃ jasoāi taruṇagovīhiṃ
vaḍḍhaṃte mahumahaṇe saṃvaṃdhā ṇiṇhuvijjaṃti"
658,"jaṃ jaṃ ālihaï maṇo āsāvattīhi hiaaphalaammi
taṃ taṃ vālo vva vihī ṇihuaṃ hasiūṇa pamhusaï"
659,"aṇuhutto karaphaṃso saalaalāpuṇṇa puṇṇadiahammi
vīāsaṃgakisaṃgaa eṇhiṃ tuha vaṃdimo calaṇe"
660,"dūraṃtarie vi pie kaha vi ṇiattāi majjha ṇaaṇāi
hiaaṃ uṇa teṇa samaṃ ajja vi aṇivāriaṃ bhamaï"
661,"tassa kahākaṃtaïe saddāaṇṇaṇasamosariakove
samuhāloaṇakaṃpiri uvaūḍhā kiṃ pavajjihisi"
662,"bharaṇamiaṇīlasāhaggakhaliacalaṇaddhavihuavakkhaüḍā
tarusiharesu vihaṃgā kaha kaha vi lahaṃti saṃṭhāṇaṃ"
663,"aharamahupāṇaghorilliāi jaṃ ca ramio si savisesaṃ
asaï alajjiri vahusikkhiri tti mā ṇāha maṇṇihisi"
664,"khāṇeṇa a pāṇeṇa a taha gahio maṃḍalo aḍaaṇāi
jaha jāraṃ ahiṇaṃdaï bhukkaï gharasāmie eṃte"
665,"kaṃḍaṃteṇa akaṃḍaṃ pallīmajjhammi viaḍakoaṃdaṃ
païmaraṇāhi vi ahiaṃ vāheṇa ruāviā attā"
666,"amhe ujjuasīlā pio vi piasahi viāraparioso
ṇa hu aṇṇā kā vi gaī vāhohā kaha pusijjaṃtu"
667,"dhavalo si jaï vi suṃdari taha vi tue majjha raṃjiaṃ hiaaṃ
rāabharie vi hiae suhaa ṇihitto ṇa ratto si"
668,"caṃcupuḍāhaavialiasahaāraraseṇa sittadehassa
kīrassa maggalaggaṃ gaṃdhaṃdhaṃ bhamaï bhamaraülaṃ"
669,"ettha ṇimajjaï ettā ettha ahaṃ ettha pariaṇo saalo
paṃthia rattīaṃdhaa mā maha saaṇe ṇimajjihisi"
670,"pariosasuṃdarāiṃ suraesu lahaṃti jāi sokkhāi
tāiṃ cia uṇa virahe khāuggiṇṇāi kīraṃti"
671,"maggaṃ cia alahaṃto hāro pīṇuṇṇaāṇa thaṇaāṇa
uvviggo bhamaï ure jamuṇāṇaïpheṇapuṃjo vva"
672,"ekkeṇa vi vaḍavīaṃkureṇa saalavaṇarāimajjhammi
taha teṇa kao appā jaha sesadumā tale tassa"
673,"je je guṇiṇo je je a cāiṇo je viaḍḍhaviṇṇāṇā
dāridda re viakkhaṇa tāṇa tumaṃ sāṇurāo si"
674,"jaï kottio si suṃdara saalatihīcaṃdadaṃsaṇasuhāṇaṃ
tā masiṇaṃ moijjaṃtakaṃcuaṃ pekkhasu muhaṃ se"
675,"samavisamaṇivvisesā samaṃtao maṃdamaṃdasaṃcārā
aïrā hohiṃti pahā maṇorahāṇaṃ pi dullaṃghā"
676,"aïdīharāi vahue sīse dīsaṃti vaṃsavattāi
bhaṇie bhaṇāmi attā tumhāṇa vi paṃḍarā puṭṭhī"
677,"atthakkarūsaṇaṃ khaṇapasijjaṇaṃ aliavaaṇaṇivvaṃdho
ummaccharasaṃtāvo puttaa paavī siṇehassa"
678,"pijjaï kaṇṇaṃjalihiṃ jaṇaravamiliaṃ pi tujjha saṃlāvaṃ
duddhaṃ jalasammiliaṃ sā vālā rāahaṃsi vva"
679,"aï ujjue ṇa lajjasi pucchijjaṃtī piassa cariāiṃ
savvaṃgasurahiṇo maruvaassa kiṃ kusumariddhīhi"
680,"muddhe apattiaṃtī pavālaaṃkuraaṇiddhalohiae
ṇiddhoadhāurāe kīsa sahatthe puṇo dhuasi"
681,"ua siṃdhavapavvaasacchahāi dhuatūlapuṃjasarisāiṃ
sohaṃti suaṇu mukkoaāi sarae siabbhāiṃ"
682,"āucchaṃti sirehi vivaliehi ua khaḍiehi ṇijjaṃtā
ṇippacchimavaliapaloiehi mahisā kuḍaṃgāi"
683,"pusasu muhaṃ tā puttia vāhoaraṇaṃ visesaramaṇijjaṃ
mā eaṃ cia muhamaṃḍaṇaṃ ti so kāhii puṇo vi"
684,"majjhe paaṇuapaṃkaṃ avahovāsesu sāṇacikkhillaṃ
gāmassa sīsasīmaṃtaaṃ va racchāmuhaṃ jāaṃ"
685,"avaraṇhāgaajāmāuassa viuṇei mohaṇukkaṃṭhaṃ
vahuāi gharapaloharamajjaṇapisuṇo valaasaddo"
686,"jujjhacaveḍāmoḍiajajjarakaṇṇassa juṇṇamallassa
kacchāvaṃdho ccia bhīrumallahiaaṃ samukkhaṇaï"
687,"āṇaṃdaṃtena tumaṃ païṇo pahaeṇa paḍahasaddeṇa
malli ṇa lajjasi ṇaccasi dohagge pāaḍijjaṃte"
688,"mā vaccaha vīsaṃbhaṃ imāṇa vahucāḍuammaṇiuṇāṇaṃ
ṇivvattiakajjaparammuhāṇa suṇaāṇa va khalāṇaṃ"
689,"aṇṇaggāmapaütthā kaḍḍhaṃtī maṃḍalāṇa riṃcholiṃ
akkhaṃḍiasohaggā varisasaaṃ jiaü me suṇiā"
690,"saccaṃ sāhasu deara taha taha caḍuāraeṇa suṇaeṇa
ṇivvattiakajjaparammuhattaṇaṃ sikkhiaṃ katto"
691,"ṇippaṇṇasassariddhī sacchaṃdaṃ gāi pāmaro sarae
daliaṇavasālitaṃḍuladhavalamiaṃkāsu rāīsu"
692,"alihijjaï paṃkaale halālicalaṇeṇa kalamagovīe
keārasoaruṃbhaṇataṃsaṭṭhiakomalo calaṇo"
693,"diahe diahe sūsaï saṃkeaabhaṃgavaḍḍhiāsaṃkā
āvaṃḍuroṇaamuhī kalameṇa samaṃ kalamagovī"
694,"ṇavakammieṇa ua pāmareṇa daṭṭhūṇa pāuhārīo
mottavve jottaapaggahammi avahāsiṇī mukkā"
695,"daṭṭhūṇa hariadīhaṃ gose saṃḍhāṇa jūrae halio
asaīrahassamaggaṃ tusāradhavale tilacchette"
696,"saṃkellio vva ṇijjaï khaṃḍaṃ khaṃḍaṃ kao vva pīo vva
vāsāgamammi maggo gharahuttamuheṇa pahieṇa"
697,"saṃjhāgahiajalaṃjalipaḍimāsaṃkaṃtagorimuhakamalaṃ
aliaṃ cia phurioṭṭhaṃ vialiamaṃtaṃ haraṃ ṇamaha"
698,"ia sirihālaviraïe pāuakavvammi sattasae
sattamasaaṃ samattaṃ gāhāṇa sahāvaramaṇijjaṃ"
699,"eṇhiṃ vārei jaṇo taïā mūillao kahiṃ va gao
jāhe visaṃ va jāaṃ savvaṃgapaholiraṃ pemmaṃ"
700,"kaha taṃ pi tui ṇa ṇāaṃ jaha sā āsaṃdiāṇa vahuāṇaṃ
kāūṇa uccavaciaṃ tuha daṃsaṇalehaḍā paḍiā"
701,"corāṇa kāmuāṇa a pāmarapahiāṇa kukkuro vaḍaï
re ramaha vahaha vāhayaha ettha taṇuāae raaṇī"
702,"aṇṇoṇṇakalakkhaṃtarapesiamelīṇadiṭṭhipasarāiṃ
do ccia maṇṇe kaabhaṃḍaṇāi samaaṃ pahasiāiṃ"
703,"suhaa iaṃ majjha sahī tujjha vioeṇa dhāriuṃ pāṇe
savvaha cia ṇa samattha tti vujjhiuṃ virama gamaṇāo"
704,"dhaṇṇā vahiraṃdharaā te ccia jīaṃti māṇuse loe
ṇa suṇaṃti pisuṇavaaṇaṃ khalāṇa addhiṃ ṇa pekkhaṃti"
705,"gāmāruha mhi gāme vasāmi ṇaaraṭṭhiiṃ ṇa āṇāmi
ṇāariāṇaṃ païṇo haremi jā homi sā homi"
706,"osara rottuṃ cia ṇimmiāi mā pusasu me haacchīiṃ
daṃsaṇamettummaïehi jehi sīlaṃ tuha ṇa ṇāaṃ"
707,"raṇaraṇaasuṇṇahiao ciṃtaṃto virahaduvvalaṃ jāaṃ
amuṇiaṇiavasahī so volīṇo gāmamajjheṇa"
708,"ettha caütthaṃ viramaï gāhāṇa saaṃ sahāvaramaṇijjaṃ
soūṇa jaṃ ṇa laggaï hiae mahurattaṇeṇa amiaṃ pi"
709,"eso kaïṇāmaṃkiagāhāpaḍivaddhavaḍḍhiāmoo
sattasaao samatto sālāhaṇaviraïo koso"
710,"suaṇo ṇi dīsaï ccia khalabahula ḍaḍḍhajīaloammi
jaha kāasaṃkulā taha ṇa haṃsaparivāriā puhavī"
711,"jaṃ mucchiāi ṇa suo kalaṃvagaṃdheṇa taṃ guṇa paḍiaṃ
iarā gajjiasaddo jīeṇa viṇā ṇa volaṃto"
712,"pīṇapaoharalaggaṃ disāṇa pavasaṃtajalaasamaaviiṇṇaṃ
sohaggapaḍhamaïṇhaṃ paccāaï saraṇahapahaṃ iṃdadhaṇuṃ"
713,"ettī mattammi thavā puttīmattammi laaṇā bhattī
agaīa avatthāe diahāiṃ bhittaraṃ taraï"
714,"jaṃ asaraṇo vva ḍaḍḍho gāmo sāhīṇavahujuāṇo vi
saṃbhamavisaṃṭhulāṇaṃ taṃ duccariaṃ tuha thaṇāṇaṃ"
715,"so vi juā māṇahaṇo tumaṃ pi māṇassa asahaṇā putti
mattacchaleṇa gammaü surāi uvariṃ pusasu hatthaṃ"
716,"keaïgaṃdhahagavviāraaraṃjiāddaṇehiṃ
kaṃṭhaasavalitaṇutava chaḍḍiabhavalāṇaṃ"
717,"aha suaï diṇṇapaḍivakkhaveaṇā pasiḍhilehi aṃgehiṃ
ṇivvattiasuraarasāṇuvaṃdhasuhaṇibbharaṃ vahuā"
718,"jaï teṇa tujjha vaaṇaṃ ṇa kaaṃ maha kāraṇeṇa a haāse
sā kīsa khaṃḍiataḍaṃ ṇiāharaṃ dūi dummesi"
719,"nirmalagaganataḍāge tārāgaṇakusumabhitetimire
bhikaravobālaṃ carati mṛgāṃko marāla iva"
720,"diṭṭhāi jaṃ ṇa diṭṭho saralasahāvāi jaṃ ca ṇā 'lavio
uvaāro jaṃ ṇa kao taṃ cia kaliaṃ chaïllehiṃ"
721,"aviralaṇiggaapulao paaḍiakaṃpo pamukkasikkāro
hemaṃte pahiajaṇo suraāsatto vva paḍihāi"
722,"vahuvihavilāsabharie surae labbhaṃti jāi sokkhāiṃ
virahammi tāi piasahi khāuggiṇṇāi kīraṃti"
723,"seullaṇiaṃvālaggasaṇhasicaassa maggam alahaṃto
sahi mohagholiro ajja tassa hasio mae hattho"
724,"dūīkajjāaṇṇaṇapaḍirohaṃ mā karehii imaṃ ti
utthaṃghei va turiaṃ tissā kaṇṇuppalaṃ pulao"
725,"mā vaccasu vīsaṃbhaṃ puttaa caḍuārao imo loo
sūīveho kaṇṇassa peccha kiṃ ṇijjaï pamāṇaṃ"
726,"amiamaaṃ cia hiaaṃ hatthā taṇhāharā saaṇhāṇaṃ
caṃdamuhi kattha ṇivasaï amittadahaṇo tuha paāvo"
727,"diṭṭhīa jāva pasaro tāva tumaṃ suhaa ṇivvuiṃ kuṇasi
volīṇadaṃsaṇo taha tavesi jaha houdiṭṭheṇa"
728,"gajjaṃti ghaṇā paṃthāṇo vahutaṇā a pasāriā sariā
ajja vi ujjuasīle païṇo maggaṃ paloesi"
729,"uṇho tti samatthijjaï ḍāheṇa saroruhāṇa hemaṃto
cariehi ṇajjaï jaṇo saṃgovaṃto vi appāṇaṃ"
730,"uvahāriāi samaaṃ piṃḍāre ua kahaṃ kuṇaṃtammi
ṇavavahuāi sarosaṃ savva ccia vachaā mukkā"
731,"pajjāliūṇa aggiṃ muheṇa puttia kiṇo samosarasi
thaṇaalasapaḍiapaḍimā phuraṃti ṇa chivaṃti te jālā"
732,"aggiṃ abbhuttaṃtīa putti paḍimāgaā kavolammi
kaṇṇālaṃviapallavalacchiṃ saṃdhei te jālā"
733,"kaha de dhūmaṃdhāre abbhuttaṇaṃ aggiṇo samappihaï
muhakamalacuṃvaṇālehaḍammi pāsaṭṭhie diare"
734,"āaṃvacchaṃ paalaṃtavāham āvaddhathaṇaharukkaṃpaṃ
asamattaṃ cia ciṭṭhaü sihiṇo abbhuttaṇam iṇaṃ te"
735,"chaṇapāhuṇie 'tti kiṇo ajja vi ṇaṃ bhaṇaha aṃgasaṃtāvaṃ
jāā amha gharillaaguṇeṇa gharasāmiṇi ccea"
736,"vaṇṇakkamaṃ ṇa āṇasi ṭhāṇavisuddhī vi de ṇa ṇivvaḍiā
cittaara taha vi maggasi bhoiṇikuḍḍammi ālihiuṃ"
737,"vialiakalākalāvo caṃdo mittassa maṃḍalaṃ visaï
ṇissaraï tādiso ccia gaavihavaṃ ko samuddharaï"
738,"ṇā 'haṃ dūī suṃdara tīe pio si ṇa amha vāvāro
sā maraï tujjha virahe eaṃ dhammakkharaṃ bhaṇimo"
739,"jo hoi rasāisao suviṇaṭṭhāṇaṃ vi puṃḍaïcchūṇaṃ
katto so hoi raso mohāsāṇaṃ aṇicchūṇaṃ"
740,"jaï vi hu dilliṃdiliā taha vi hu mā putti ṇaggiā bhamasu
cheā ṇaarajuāṇo māaṃ dhūāi lakkhaṃti"
741,"gaagaṃḍaagavaasarabhaserihasaddūlarikkhajāīṇaṃ
thaṇaā vāhavahūe abhaaṃ dāuṃ va ṇikkaṃtā"
742,"bhiuḍīa puloissaṃ ṇibbhacchissaṃ paraṃmuhī hossaṃ
jaṃ bhaṇaha taṃ karissaṃ sahīu jaï taṃ ṇa pecchissaṃ"
743,"jaṃ keaveṇa pemmaṃ jaṃ ca valā jaṃ ca atthaloheṇa
jaṃ uvarohaṇimittaṃ ṇamoṇamo tassa pemmassa"
744,"kassa ṇa saddhā garuattaṇammi païṇo pasāamāṇassa
jaï māṇabhaṃjaṇīo ṇa hoṃti hemaṃtarāīo"
745,"avvo tahiṃtahiṃ cia gaaṇe bhamiūṇa vīsamaṃteṇa
vohittavāaseṇa vva hāsiā ḍaḍḍhapemmeṇa"
746,"de ā dumasu tumaṃ ciya mā parihara putti paḍhamadumiyaṃ ti
kiṃ kuḍḍaṃ ṇiamuhaaṃdakaṃtidumiaṃ ṇa lakkhesi"
747,"vijjaṃti taṇuṃ uvaṇeṃti veaṇaṃ ṇeyatāṇa khayamagge
abbo aïṭṭhapuvvo aṇaṃgabāṇāṇa māhappo"
748,"āmoḍaūṇa balāu hatthaṃ majjhaṃ gao si bho pahia
hiaāu jaï a ṇīhasi sāmatthaṃ tujjha jāṇissaṃ"
749,"saddhā me tujjha piyattaṇassa ahayaṃ tu taṃ ṇa yāṇāmi
de pasiya tumaṃ ciya sikkhavesu jaha te piyā homi"
750,"pemmummaïyāi mae uvaūḍho haliyaüttabuddhīe
phaṃsemi jāva pharuso taṇapuriso gāmasīmāe"
751,"be maggā dharaṇiyale māṇiṇi māṇoṇṇayāṇa purisāṇa
ahavā pāvaṃti siriṃ ahava bhamaṃtā samappaṃti"
752,"katto kamalāṇa raī katto kumuyāṇa sīalo caṃdo
taha sajjaṇāṇa ṇeho ṇa calaï dūraṭṭhiāṇaṃ pi"
753,"hā hā kiṃ teṇa kayaṃ mālaïvirahammi putti bhasaleṇaṃ
kaṃkellikusumamajjhe jalaṇo tti samappio appā"
754,"ḍhaṃkharaseso vi hu mahuareṇa mukko ṇa mālaīviḍavo
daraviyasiyakaliyāmoyabahalimaṃ saṃbharaṃteṇa"
755,"samuhāgayavolaṃtammi sā tume aghaḍiyaṃgasaṃṭhāṇā
ruṃdaṃ vi gāmaracchaṃ ṇiṃdaï taṇuaṃ ca appāṇaṃ"
756,"samam acchaṃti ṇiattaṃti pasariyā raṇaraṇaṃti taddhiyahaṃ
calacitta tujjha laggā maṇorahā tīĕ hiyayammi"
757,"ḍahiūṇa sayalaraṇṇaṃ aggī samavisamalaṃghaṇuvvāyo
taḍalaṃbaṃtataṇehiṃ tisiya vva ṇaïṃ samosaraï"
758,"sa cciya rāmeu tumaṃ paṃḍiya ṇiccaṃ alaṃ mha ramieṇa
sabbhāvabāhirāiṃ jā jāṇaï aṭṭamaṭṭāiṃ"
759,"raaṇāyarassa sāhemi ṇammae ajja mukkadakkhiṇṇā
veḍisalayāharaṃteṇa miliyā jaṃ si pūreṇa"
760,"rakkhaï aṇaṇṇahiyao jīvaṃ piva mahuaro payatteṇa
daraṇeṃtadīvidāḍhaggasacchahaṃ mālaīmaülaṃ"
761,"taha ṇehalāliyāṇa vi avāhirillāṇa sayalakajjesu
jaṃ kasaṇaṃ hoi muhaṃ taṃ bhaṇṇaï kiṃ paīvāṇaṃ"
762,"tisiyā piyaü tti mao mao vi tisio maī kareūṇa
iya mayamihuṇaṃ tisiyaṃ piyaï ṇa salilaṃ siṇeheṇa"
763,"tuha sāmali dhavalacalaṃtataralatikkhaggaloyaṇabaleṇa
mayaṇo puṇo vi icchaï hareṇa saha viggahāraṃbhaṃ"
764,"suhaya suhaṃ ciya kuḍali vva pehuṇo ṇiggayassa caḍuvassa
jaṇaraṃjaṇiggaho te gharammi suṇaho atihivaṃto"
765,"ṇivaḍihisi suṇṇahiyae jalaharajalapaṃkilammi maggammi
uppekkhāgayapiyayamahatthe hatthaṃ pasāreṃtī"
766,"ucchaṃgiyāĕ païṇā ahisāraṇapaṃkamaliṇaperaṃte
āsaṇṇapariyaṇo via sea cciya dhuvaï se pāe"
767,"jaha laṃghesi paravaïṃ niyayavaïṃ bharasahaṃ pi mottūṇaṃ
taha maṇṇe kohalie ajjaṃ kallaṃ pi phuṭṭihasi"
768,"aṇusoyaï haliyabahū raïkiraṇoluggapaṃḍuracchāyaṃ
raṇṇuṃduradaṃtukkhuttavisamavaliyaṃ tilacchettaṃ"
769,"ovālaammi sīāluāṇa vaïmūlam ullihaṃtāṇaṃ
diṃbhāṇa kaliṃcayavāvaḍāṇa suṇṇo jalaï aggī"
770,"mā mā muya parihāsaṃ deara aṇahoraṇā varāī sā
sīyammi vi pāsijjaï puṇo vi esiṃ kuṇasu chāyaṃ"
771,"kiṃ tassa pāraeṇaṃ kim aggiṇā kiṃ ca gabbhaharaeṇa
jassa ṇisammaï uare uṇhāyaṃtatthaṇī jāyā"
772,"kamalāyarāṇa uṇho hemaṃto sīalo jaṇavayassa
ko kira bhiṇṇasahāvaṃ jāṇaï paramatthayaṃ loe"
773,"hema.mte himaraadhūsarassa oasaraṇassa pahiyassa
sumariyajāyāmuhasijjirassa sīyaṃ ciya paṇaṭṭhaṃ"
774,"uvaïsaï laḍiyāṇa kaḍḍhei rasaṃ ṇa dei sottuṃ je
jaṃtassa juvvaṇassa ya ṇa hoi icchu cciya sahāvo"
775,"bahuehi jaṃpiehiṃ siṭṭhaṃ amha savahe kareūṇa
saddo cciya se bhaddo bhoiṇijaṃte raso ṇa tthi"
776,"paḍhamaṃ ciya māhavapaṭṭayaṃ va ghettūṇa ḍāhiṇo vāo
aṃkollapaḍhamavattaṃ pahiṃḍio gāmaracchāsu"
777,"so māṇo piyamuhaaṃdadaṃsaṇe kaha thiro dharijjihaï
aṃkollakoraāṇa vi jo phuṭṭamuhāṇa bīhei"
778,"kāraṇagahio vi mae māṇo emea jaṃ samosariyo
atthakkaphulla aṃkolla tujjha taṃ matthae paḍaü"
779,"raṃjeha deha rūvaṃ raeha kusumāi deha vicchittiṃ
ṇa vi taha puhavīsassa vi halahalao jaha vasaṃtassa"
780,"sisire vaṇadavaḍaḍḍhaṃ vasaṃtamāsammi uaha saṃbhūyaṃ
maṃkusakaṇṇasaricchaṃ dīsaï pattaṃ palāsassa"
781,"dūrapaïṇṇaparimalaṃ sapallavaṃ muddhapupphapaṃguraṇaṃ
aṃgacchittaṃ piva vammaheṇa diṇṇaṃ mahusirīe"
782,"kāraṇagahiaṃ pi imā māṇaṃ moei māṇiṇiaṇassa
sahayāramaṃjarī piyasahi vva kaṇṇe samallīṇā"
783,"ajjaṃ ciya chaṇadiaho mā putti ruehi ehaï pio tti
suṇhaṃ āsāsaṃtī paḍiyattamuhī ruvaï sāsū"
784,"diyahediyahe ṇivaḍaï gihavaïdhūāṇiheṇa māucchā
saṃgahaṇaï tti vāvaü vasuhārā khujjasahayāre"
785,"āucchaṇovaūhaṇakaṃṭhasamosariyabāhulaïyāe
valayāi pahiyacalaṇe bahūĕ ṇiyalāi va paḍaṃti"
786,"uḍḍiyapāsaṃ taṇachaṇṇakaṃdaraṃ ṇihuasaṃṭhiyāvakkhaṃ
jūhāhiva parihara muhamettasarīyaṃ kala"
787,"guṇasāliṇo vi kariṇo hohaï jūhāhivattaṇaṃ katto
ṇavasālikavalalohilliāĕ viṃjhaṃ muaṃtassa"
788,"vihiṇā aṇujjueṇaṃ puttaya jāo kulammi paḍhamammi
jāivisuddho bhaddo vi baṃdhaṇaṃ pāvaï khaṇammi"
789,"caüpāsadiṇṇahuyavahavisamāha haveḍhaṇāpiulaṃ
ṇivvāheuṃ jāṇaï jūhaṃ jūhāhivo cceva"
790,"allaggakavoleṇa vi gayamaïṇā pattadasāvasaṇammi
ajja vi māĕ saṇāhaṃ gayavaïjūhaṃ dharaṃteṇa"
791,"ṇa vi taha dūmei maṇaṃ gayassa baṃdho vi kariṇiviraho vi
dāṇavioyavimuhie jaha bhamaraüle bhamaṃtammi"
792,"gāmammi mohaṇāiṃ diṇṇe khagge vva corahitthāiṃ
gahavaïṇo ṇāmeṇaṃ kiyāi aṇneṇa vi jaṇeṇa"
793,"maliṇāiṃ aṃgāiṃ bāhiraloeṇa maṃsaluddheṇa
hiyayaṃ hiyaeṇa viṇā ṇa dei vāhī bhamaï haṭṭaṃ"
794,"kaḍhiṇakharavīrapellaṇahalaṃ va pattharaviṇiggayaggikaṇe
dhacaloāyariyavahe kasarā vi suheṇa vaccaṃti"
795,"ṇakkhamaūhesu khaṇaṃ kusumesu khaṇaṃ khaṇaṃ kisalaesu
hatthesu khaṇaṃ kusumocciyāi loḍāviyā bhasalā"
796,"chettammi jeṇa ramiyā tāo kira tassa ceya maṃdei
jaï tīa imaṃ ṇisuyaṃ phuṭṭaï hiyayaṃ harisayāe"
797,"hiyayaṃ ṇiyāmi kaḍhiṇaṃ pā hāseṇa ghaḍiyaṃ me
virahāṇaleṇa tattaṃ rasasittaṃ aṃtitā phuḍaha"
798,"aṇṇe te kila sihiṇo siṇarasaseeṇa huṃti vicchāyā
āsāiyarasaseo hoi viseseṇa ṇehajo dahaṇo"
799,"aṃto ṇibhuaṭhṭhiapariaṇāi oruddhadāraṇaaṇāi
gimhe ghoraṭṭaghagghararaveṇa ghoraṃti va gharaṭṭa"
800,"jīhāi paraṃ libbhaï daṃtoṭṭheṇaṃ ṇa tīrae gahiuṃ
aharo vva savvaṇo gohaṇeṇa paḍhamo taṇuccheo"
801,"jaha vellīhi ṇa māasi jaha icchasi paravaïṃ pi laṃgheuṃ
taha ṇūṇaṃ kohalie ajjaṃ kalhiṃ va phullihisi"
802,"vilāsaṇiguruṇiaṃvo tīraü calaṇehi dohi uvvahiuṃ
eāī uṇa majjho thaṇabhāraṃ kaï ṇu uvvahi"
803,"vārijjaṃtī ṇavakomui tti mā putti aṃgaṇe suvasu
mā te aṃvupisāo caṃdo tti muhaṃ gasijjihii"
804,"suvvaṃto āsi paraṃparāi kahakaha vi diṭṭhimilio 'si
de suhaa kiṃ pi jaṃpasu piaṃtu kaṇṇāi me amiaṃ"
805,"virahakisiā varāī diṇāi āsaṇṇagimhapariṇāmāiṃ
kaḍhiṇahiao pavāsī ṇa āṇimo kaha samappihii"
806,"roāvia mha māe aṃgaṇapahieṇa darapasutteṇa
parivattasu māṇiṇi māṇiṇi tti siviṇe bhaṇaṃteṇa"
807,"māṇaṃsiṇīa païṇā ṇaaṇakavolāharappahābhiṇṇā
ujjuasuracāvaṇihā vāhoārā ciraṃ diṭṭhā"
808,"sarahasaviṇiggaāi vi icchāi tumaṃ ṇa tīa saccavio
sīsāhaavaliabhuaṃgavaṃkaracche haaggāme"
809,"sā tuha virahe ṇikkiva saṃdhārijjaï sahīhi ṇiuṇāhi
caṃḍālahatthagaasaüṇia vva jīe ṇirālaṃvā"
810,"kappāsaṃ kuppāsaṃtarammi taï khittam itti bhaṇiūṇa
attā valā 'hireṇaṃ thaṇāṇa maha kāriā 'vatthā"
811,"gāīu paṃcakhāriṃbharīu cattāri pakkalavaïllā
saṃpaṇṇaṃ vālāvallaraaṃ sevā sivaṃ kuṇaü"
812,"aṇurāaraaṇabhariaṃ kaṃcaṇakalasa vva taruṇithaṇavaṭṭaṃ
tassa cia muhammi kiā masimuddā maaṇarāeṇa"
813,"vijja piāsā vahalaï ghaṇatāo khaṇakhaṇammi romaṃco
hiae ṇa bhāi aṇṇaṃ lajjāpatthehi tejiā pāṇā"
814,"gāhāṇa a geāṇa a tantīsaddāṇa poḍhamahilāṇa
tāṇaṃ so ccia daṇḍo je tāṇa rasaṃ ṇa āṇaṃti"
815,"vivarīaraammi sirī bamhaṃ daṭṭhūṇa ṇāhikamalatthaṃ
hariṇo dāhiṇaaṇaṃ rasāulā jhatti ḍhakkei"
816,"laḍahavilaāṇa loaṇakaḍakkhavikkhevajaṇiasaṃdāvā
jhijjaṃti mahāsattā cittuvveaṇasahā hoṃti"
817,"taha hasa jaha ṇa hasijjasi taha jaṃpa jahā parappiaṃ hoi
taha jia jaha lahasi jasaṃ taha mara jaha ṇa uṇa saṃbhavasi"
818,"chappaa gammasu sisiraṃ pāsākusumehi tāva mā marasu
jīaṃto dacchihisi a puṇo vi riddhiṃ vasaṃtassa"
819,"savvattha hoi ṭhāṇaṃ rāsahamahisāṇa mesavusahāṇaṃ
bhaddagaïṃdāṇam aho mahāvaṇam ahava mahārāo"
820,"avvo ṇa āmi chettaṃ khajjaü sālī vi kīraṇivahehiṃ
jāṇaṃtā avi pahiā pucchaṃti puṇopuṇo maggaṃ"
821,"atthakkāgaadiṭṭhe vahuā jāmāduammi gurupurao
jūraï ṇivaḍaṃtāṇaṃ harisaviphaṃdaṃtavalaāṇaṃ"
822,"acchīhi tujjha suṃdari bāhiradhavalehi majjhakasaṇehi
eehi ko ṇa damio pisuṇehi va kaṇṇalaggehi"
823,"eha imīa ṇiacchaha vimhiahiaā sahī puloei
addāammi kavolaṃ kavolapaṭṭammi addāaṃ"
824,"kaïā jāā kaïā ṇu sikkhiā māiā haakumārī
taṃtaṃ jāṇaï savvaṃ jaṃjaṃ mahilāŏ jāṇaṃti"
825,"khaṇapiṭṭhadhūsaratthaṇi mahumaataṃbacchi kuvalaābharaṇe
kaṇṇagaacūamaṃjari putti tue maṃḍio gāmo"
826,"maggialaddhe balamoḍicuṃbie appaṇeṇa uvaṇīde
ekkammi piāahare aṇṇaṇṇā hoṃti rasaheā"
827,"upphullaloaṇeṇaṃ kavolabosaṭṭamāṇaseeṇaṃ
ahaṇaṃteṇa vi bhaṇiā muheṇa se kajjaṇivvuttī"
828,"jattha ṇa ujjāgarao jattha ṇa īsā visūraṇaṃ māṇo
sabbhāvacāḍuaṃ jattha ṇa tthi ṇeho tahiṃ ṇa tthi"
829,"maha païṇā thaṇajuale pattaṃ lihiaṃ ti gavviā kīsa
ālihaï mahaṃ pi pio jaï se kaṃpo ccia ṇa hoi"
830,"kaṇṇe paḍiaṃ hiae paḍiaṃ cia o mae abhavvāe
jāmi tti tujjha vaaṇaṃ kiṃ va ṇa sahiaṃ pavāsassa"
831,"samapaṃthapatthiassa vi pahiassa khalaṃti puḍhamadiahammi
hiaaṭṭhiajāāguruṇiaṃvahāreṇa va paāi"
832,"saṃdeso vi ṇa lihio lehe pahieṇa kattha gharatattī
aṇavaraalihiagehiṇigottakkharapūrie patte"
833,"uppekkhāgaadaïaṃgasaṃgamuccaliaviuṇaseāe
bolīṇo vi ṇa ṇāo paütthapaïāi hemaṃto"
834,"siviṇaaladdhapiaamapulaïuggamaṇibbharehi aṃgehiṃ
pariraṃbhaṇe suhāiṃ pāvaü mā ṇaṃ paboheha"
835,"vijjhāvei païvaṃ abbhuṭṭhaṃtīĕ pahiajāāe
piaamavioadīharaṇīsahaṇīsāsariṃcholī"
836,"jaṃ pīaṃ maṃgalavāsaṇāĕ patthāṇapaḍhamadiahammi
bāhasalilaṃ ṇa ciṭṭhaï taṃ cia virahe ruvaṃtīe"
837,"ukkaṃṭhāṇicchāā savvaṃ uṇa pariaṇaṃ ruāvei
āaṃbirehi ajjhā phusiaparuṇṇehi acchīhi"
838,"jaha diahavirāmo ṇavasirīsagaṃdhuddhurāṇilagghavio
pahiaghariṇīa ṇa tahā tavei tivvo vi majjhaṇho"
839,"cirapavasiadaïakahā ṇiuṇāhi sahīhi virahasahaṇatthaṃ
aliā avi avarāhā vahūĕ kamaso kahijjaṃti"
840,"jaṃjaṃ paütthapaïā piaamaṇāmakkharaṃ lihaï lehe
taṃtaṃ tallehaṇiāṇusāragalio pusaï seo"
841,"acchaü ṇimīliacchī mā mā vāreha piaamāsāe
teṇa viṇā kiṃ pecchaü ummillehiṃ vi acchīhiṃ"
842,"dīhuṇhā ṇīsāsā raṇaraṇao rujjagaggiraṃ geaṃ
piavirahe jīviavallahāṇa eso ccia viṇoo"
843,"jaï devva tuṃ pasaṇṇo mā karihisi majjha māṇusaṃ jammaṃ
jaï jammaṃ mā pemmaṃ jaï pemmaṃ mā jaṇe dulahe"
844,"rāīṇa bhaṇaï loo jā kila gimhammi hoṃti maḍahāo
maha uṇa daïeṇa viṇā ṇa āṇimo kīsa vaḍḍhaṃti"
845,"ekke aaṇe diahā vīe raaṇīŏ hoṃti dīhāo
virahāaṇo apuvvo ettha duve ccea vaḍḍhaṃti"
846,"cirajīvittaṇakaṃkhiri mā tamma rasāaṇehi athirehi
virahaṃ pavajja jāaṃti jeṇa juadīharā diahā"
847,"ruaï ruaṃtīĕ mae ohidiṇe gaṇaï jhijjaï ahaṃ va
piavirahe māmi saajjhiāĕ ṇeho ccia apuvvo"
848,"kaṃṭhaggahaṇeṇa saajjhiāĕ abbhāgaovaāreṇa
vahuāĕ païmmi vi āgaammi sāmaṃ muhaṃ jāaṃ"
849,"caṃdo vi caṃdavaaṇe muṇālabāhālae muṇālāiṃ
iṃdīvarāi iṃdīvaracchi tāveṃti tuha virahe"
850,"guruaṇaparavasa pia kiṃ bhaṇāmi tuha maṃdabhāiṇī ahaaṃ
ajja pavāsaṃ vajjasi vacca saaṃ cea muṇasi karaṇijjaṃ"
851,"vitthiṇṇaṃ mahiveḍhaṃ viulaṇiaṃbāŏ pīṇathaṇiāo
labbhaṃti visālacchīŏ suhaa juvaīŏ mā tamma"
852,"kajjaṃ viṇā vi vialaṃtapemmarāaṃ tumaṃ ṇiacchaṃtī
hiaāsaṃkiaṇiadosadummaṇā tāmaï varāī"
853,"dūī ṇa ei caṃdo vi uggao jāmiṇī vi bolei
savvaṃ savvattho ccia visaṃṭhulaṃ kassa kiṃ bhaṇimo"
854,"dūī gaā cirāaï kiṃ so maha pāsam ehii ṇa ve 'tti
jīviamaraṇaṃtarasaṃṭhiāĕ aṃdolae hiaaṃ"
855,"so ṇā 'gao tti pecchaha parihāsullāvirīĕ dūīe
ṇūmaṃtīa pahariso osaṭṭaï gaṃḍapāsesu"
856,"kaha ṇu gaā kaha diṭṭho kiṃ bhaṇiaṃ kiṃ va teṇa paḍibhaṇiaṃ
eaṃ cia ṇa samappaï puṇaruttaṃ jaṃpamāṇīe"
857,"dūīmuhaaṃdapuloirīĕ kiṃ bhaṇihii tti ajjhāe
piasaṃgamalaliamaṇorahāĕ hiaaṃ tharatharei"
858,"appāhiāi tuha teṇa jāi tāiṃ mae ṇa muṇiāi
accuṇhassāsaparikkhalaṃtavisamakkharapaāiṃ"
859,"sāheṃtī sahi suhaaṃ khaṇekhaṇe dūmiā si majjha kae
sabbhāvaṇehakaraṇijjasarisaaṃ dāva viraïaṃ tumae"
860,"jaṃ tuha kajjaṃ taṃ cia kajjaṃ majjha tti jaṃ saā bhaṇasi
o dūi saccavaaṇe ajja si pāraṃ gaā tassa"
861,"ṇavalaapaharuttatthāĕ taṃ kaaṃ haliavahuāe
jaṃ ajja vi juvaïjaṇo ghareghare sikkhiuṃ mahaï"
862,"dhaṇṇo si re haliddaa haliasuāpīṇathaṇabharucchaṃge
pecchaṃtassa vi païṇo jaha tuha kusumāi ṇivaḍaṃti"
863,"saccaṃ cia kaṭṭhamao suraṇāho jeṇa haliadhūāe
hatthehi kamaladalakomalehi cikko ṇa pallavio"
864,"emea akaapuṇṇā appattamaṇorahā vivajjissaṃ
jaṇavāo vi ṇa jāo teṇa samaṃ haliutteṇa"
865,"lajjāpajjattapasāhaṇāi paratattiṇippivāsāiṃ
aviṇaadiṃmohāiṃ dhaṇṇāṇa ghare kalattāiṃ"
866,"hasiam aviāramuddhaṃ bhamiaṃ virahiavilāsasacchāaṃ
bhaṇiaṃ sahāvasaralaṃ dhaṇṇāṇa ghare kalattāṇaṃ"
867,"païṇā vaṇṇijjaṃte akkhāṇaasuṃdarīĕ rūvammi
īsāmaccharagaruaṃ ghariṇī huṃkāraaṃ dei"
868,"vāhijjaṃti ṇa kassa vi rottūṇaṃ ṇea pāaḍijjaṃti
māṇaviārā kulapāliāĕ hiae vilāveṃti"
869,"ahiaṃ suṇṇāi ṇiraṃjaṇāi vaïrikkaruṇṇapusiāi
virahukkaṃṭhaṃ kulapāliāi sāhaṃti acchīiṃ"
870,"kulapāliāĕ pecchaha jovvaṇalāaṇṇavibbhamavilāsā
pavasaṃti vva pavasie eṃti vva pie gharaṃ eṃte"
871,"païpurao ccia rabhaseṇa cuṃbio devaro aḍaaṇāe
maha vaaṇaṃ maïrāgaṃdhiaṃ ti hāā tuhaṃ bhaṇaï"
872,"taha aḍaaṇāĕ ruṇṇaṃ païmaraṇe bāharuddhakaṃṭhīe
aṇumaraṇasaṃkiṇo jaha jārassa vi saṃkiaṃ hiaaṃ"
873,"vāṇīrakuḍuṃguḍḍīṇasaüṇikolāhalaṃ suṇaṃtīe
gharakammavāvuḍāe vahūĕ sīaṃti aṃgāiṃ"
874,"ṇollei aṇollamaṇā attā maṃ gharabharammi saalammi
khaṇamettaṃ jaha saṃjhāĕ ṇavara ṇa va hoi vīsāmo"
875,"ṭhāṇeṭhāṇe valiā valaṇevalaṇe saveḍasakuḍuṃgā
ṇa gao si amha gāmaṃ diara ṇa diṭṭhā tue muralā"
876,"mahuehi kiṃ va vālaa harasi ṇiaṃbāhi jaï vi me siaaṃ
sāhāmi kassa raṇṇe dūre gāmo ahaṃ ekkā"
877,"kālakkharadūsikkhia dhammia re ṇiṃbakīḍaasariccha
doṇṇa vi ṇiraaṇivāso samaaṃ jaï hoi tahi hodu"
878,"paṃthaa ṇa ettha saṃtharam atthi maṇaṃ pattharatthale gāme
uṇṇaapaahare pekkhiūṇa jaï vasasi tā vasasu"
879,"vihalakkhaṇaṃ tumaṃ sahi daṭṭhūṇa kuḍeṇa taralataradiṭṭhiṃ
vārapphaṃsaṇiheṇa a appā garuo tti pāḍiavihiṇṇo"
880,"aïviulaṃ jalakuṃbhaṃ ghettūṇa samāgaa mhi sahi turiaṃ
samaseasalilaṇīsāsaṇīsahā vīsamāmi khaṇaṃ"
881,"aṇumaraṇe hasaï jaṇo rottuṃ vi ṇa labbhaï jahecchaṃ
tā ettha kiṃ karissaṃ coriaramaṇe vivajjaṃte"
882,"mā putti vaṃkabhaṇiaṃ jaṃpasu purao tumaṃ chaüllāṇaṃ
hiaeṇa jaṃ ca bhaṇiaṃ taṃ pi haāsā viāṇaṃti"
883,"vaṃkabhaṇiāi katto katto addhacchipecchiavvāi
ūsasiuṃ pi ṇa tīraï chaüllaparivārie gāme"
884,"tattha vi hoṃti sahīo puttali mā ruvasu jattha diṇṇā si
tattha vi ṇiuṃjalīlā tattha vi girivāhiṇī golā"
885,"kassa va ṇa hoi roso daṭṭhūṇa piāĕ savvaṇaṃ aharaṃ
sabhamarakamalagghāiri vāriavāme sahasu eṇhiṃ"
886,"chappattiā vi khajjaï ṇippatte putti ettha ko doso
ṇiapurise vi ramijjaï parapurisavivajjie gāme"
887,"amuṇiaparapurisasuho jaṃpaü jaṃ kiṃ pi aṇṇao loo
ṇiapurisehi vi amhe parapuriso tti ccia ramāmo"
888,"māe gharovaaraṇaṃ ajja khu ṇa tthi tti sāhiaṃ tumae
tā bhaṇa kiṃ karaṇijjaṃ emea ṇa vāsaro ṭhāi"
889,"sacchaṃdaramaṇadaṃsaṇasaṃvaḍḍhiagaruavammahavilāsaṃ
suviaḍḍhavesavilaāramiaṃ ko vaṇṇiuṃ taraï"
890,"sāmaṇṇasuṃdarīṇaṃ vibbhamam āvahaï aviṇao ccea
dhūmo vi hu pajjaliāṇaṃ mahuro hoi surabhidārūṇaṃ"
891,"avvo kālassa gaī so vi juā sarasakavvadullalio
paḍhaï parāsarasaddaṃ amhe vi ṇiaṃ païṃ gamimo"
892,"paṇamaha māṇassa halā calaṇe kiṃ devaehi aṇṇehiṃ
jassa pasāeṇa pio gholaï pāaṃtapāsesu"
893,"aṇuṇaapasaraṃ pāapaḍanūsavaṃ rabhasacuṃbaṇasuhelliṃ
eāi a aṇṇāi a avaso vva kao phalaï māṇo"
894,"jaï puttali bahuehiṃ aṇuṇaasokkhehi atthi de kajjaṃ
tāva rua geṇha māṇaṃ khaṇamettaṃ tammi suhaammi"
895,"āṇā aṇālavaṃtīĕ kīrae dīsae parāhutto
ṇiṃtammi ṇīsisijjaï putti apuvvokkhu de māṇo"
896,"jaṃjaṃ bhaṇaha sahīo āma karissāma savvahā taṃtaṃ
jaï taraha ruṃbhiuṃ maha dhīraṃ samuhāgae tammi"
897,"alliaï diṭṭhiṇibbhacchio vi vihuo vi laggae siae
pahao vi cuṃbaï balā alajjae kaha ṇu kuppissaṃ"
898,"himajoacuṇṇahatthāŏ jassa dappaṃ kuṇaṃti rāīo
kaha tassa piassa mae tīraï māṇo halā kāuṃ"
899,"kiṃ bhaṇaha maṃ sahīo karehi māṇaṃ ti kiṃ tha māṇeṇa
sabbhāvavāhire tammi majjha māṇeṇa vi ṇa kajjaṃ"
900,"jaïā pio ṇa dīsaï bhaṇaha halā kassa kīrae māṇo
aha diṭṭhammi vi māṇo tā tassa piattaṇaṃ katto"
901,"jāṇimi kaāvarāhaṃ jāṇimi aliāi bhaṇaï saalāi
aṇuṇeṃte uṇa jāṇe kaāvarāhaṃ va appāṇaṃ"
902,"avarāhasahassāiṃ bharimo hiaeṇa tammi addiṭṭhe
diṭṭhammi uṇa piasahī ekkaṃ pi hu ṇaṃ ṇa saṃbharimo"
903,"bhaṇabhaṇa jaṃjaṃ paḍihāi tujjha taṃtaṃ sahāmimo amhe
asahattaṇaṃ ca jīaṃ ca vallabhe doi ṇa ghaḍaṃti"
904,"eaṃ cia maha ṇāmaṃ bhaṇabhaṇa de suhaa kiṃ vilakkho si
paḍihāi jaṃ ṇa tujjha vi mamaṃ pi kiṃ deṇa ṇāmeṇa"
905,"suhaa muhuttaṃ suppaü jaṃ te paḍihāi taṃ pi bhaṇṇihisi
ajja ṇa pecchaṃti tuhaṃ ṇiddāgaruāi acchīi"
906,"mā velavesu bahuaṃ puttaa aliehi gottehiṃ
esā vi jāṇaï ccia parihāsummissabhaṇiāiṃ"
907,"aï caṃḍi kiṃ ṇa pecchasi jaï so vāharaï aṇṇagotteṇa
aha de icchaï maccharapaṇacciacchaṃ muhaṃ daṭṭhuṃ"
908,"veārijjasi muddhe gottakkhaliehi mā khu tuṃ ruvasu
kiṃ va ṇa pecchaï aṇṇaha eddahamettehi acchīhiṃ"
909,"sottuṃ suhaṃ ṇa labbhaï avvo pemmassa vaṃkavisamassa
dugghaḍiamaṃcaassa va khaṇekhaṇe pāapaḍaṇeṇa"
910,"ekkasaaṇammi sumuhī vimuhī garueṇa māṇabaṃdheṇa
siviṇakalahammi hoṃtī parammuhī sammuhī jāā"
911,"vaḍḍhaü tā tuha gavvo bhaṇṇasi re jaï vihaṃḍaṇaṃ vaaṇaṃ
saccaṃ ṇa ei ṇiddā tue viṇā dehi oāsaṃ"
912,"kaaviccheo sahibhaṃgibhaṇiasabbhāviāvarāhāe
jhaḍi āpallavaï puṇo ṇaaṇakavolesu kovatarū"
913,"ummūlaṃti va hiaaṃ aṇuṇijjaṃtīŏ māṇavaṃtīo
saṃbhariamaṇṇuṇibbharabāhabharoruṃbhiamuhīo"
914,"ṇa vi taha takkhaṇasuamaṇṇudukkhaviaṇāŏ vi ruvaṃti
jaha diṭṭhammi piaame aṇuṇijjaṃtīŏ taruṇīŏ"
915,"hiae rosukkhittaṃ pāapahāraṃ sireṇa patthaṃto
ṇa hao daïo māṇaṃsiṇīĕ thoraṃsuaṃ ruṇṇaṃ"
916,"piaamaviiṇṇacasaaṃ acakkhiaṃ piasahīĕ deṃtīe
abhaṇaṃtīĕ vi māṇaṃsiṇīĕ kahio ccia viroho"
917,"vaccihii sa gharaṃ se lahihii oāsam ehii saāsaṃ
bhaṇihii jaṃ bhaṇiavvaṃ paccuttaṃ kiṃṇu pāvihii"
918,"taṇuāiā varāī diahediahe miaṃkaleha vva
bahalapaoseṇa tue ṇisaṃsa aṃdhāriamuheṇa"
919,"dāvaṃteṇa tuha muhaṃ bhumaābhaṃgammi hoṃtaṇavasohaṃ
akaeṇa uvakaaṃ ajja maṇṇuṇā majjha pasiacchi"
920,"bhiuḍī ṇa kaā kaḍuaṃ ṇā 'laviaṃ aharaaṃ ṇa pajjuṭṭhaṃ
uvaūhiā ṇa ruṇṇā eeṇa vi jāṇimo māṇaṃ"
921,"kiṃ pi ṇa jaṃpasi kāmaṃ bhaṇiaṃ ca karesi taṃ tahā turiaṃ
hiaaṃ rosuvveaṃ ti tujjha viṇao ccia kahei"
922,"paripucchiā ṇa jaṃpasi cuṃbijjaṃtī balā muhaṃ harasi
parihāsamāṇavimuhe pasiacchi maṇaṃ mha dūmesi"
923,"aï pīṇatthaṇaütthaṃbhiāṇaṇe suaṇu suṇasu maha vaaṇaṃ
athirammi jujjaï ṇa jovvaṇammi māṇo pie kāduṃ"
924,"taralacchi caṃdavaaṇe thoratthaṇi kariaroru taṇumajjhe
dīhā ṇa samappaï sisirajāmiṇī kaha ṇu de māṇo"
925,"suhaā vi suṃḍarī vi hu taruṇī vi hu māṇiṇi tti ā putti
caṃdaṇalaṭṭhi vva huaṃgadūmiā kiṃ ḍu dūmesi"
926,"paḍivakkhassa vi purao samuhaṃ bhaṇiā si teṇa pasia tti
avalaṃbiassa māṇiṇi māṇassa a kiṃ phalaṃ aṇṇaṃ"
927,"kaḍḍhesi caliavalae hatthe muṃcesi ahamuhī bāhaṃ
paḍiruṃbhasi ṇīsāse bahuaṃ te māṇaviṇṇāṇaṃ"
928,"kajjaṃ viṇā vi kaamāṇaḍaṃbarā pulaabhiṇṇasavvaṃgī
ujjallāliṃgaṇasokkhalālasā putti muṇiā si"
929,"haṃho kiṃ va ṇa diṭṭhaṃ halā mae jīviaṃ dharaṃtīe
so maṃ aṇuṇei pio ahaṃ pi aṇuṇijjimi haāsā"
930,"tā sokkhaṃ tāva raī tā raṇaraṇaassa ṇa tthi oāso
jā dukkhekkaṇihāṇe ṇa hoi bahuvallahe pemmaṃ"
931,"māṇahariehi gaṃtuṃ ṇa tīrae so ṇaei avarāhī
ko vi apatthiamuṇio ṇejjaṃ maṃtaṃ va āṇejja"
932,"uvvahaï daïagahiā haroṭṭhajhijjaṃtakovagaarāaṃ
pāṇosaraṃtamaïraṃ va phalihacasaaṃ muhaṃ bālā"
933,"gāḍhāliṃgaṇarabhasujjaammi daïe lahuṃ samosaraï
māṇaṃsiṇīĕ māṇo phellaṇabhīo vva hiaāhi"
934,"tuṃgo thiro visālo jo sahi me māṇapavvao raïo
so daïadiṭṭhivajjāsaṇīĕ ghāe viṇa pahuṃto"
935,"sahi viraïūṇa māṇassa majjha dhīrattaṇeṇa oāsaṃ
piaamadaṃsaṇavihalakkhaṇammi sahase 'tti teṇa osariaṃ"
936,"ṇahapaapasāhiaṃgo ṇiddāghummaṃtaloaṇo ṇa tahā
jaha ṇivvaṇāharo sāmalaṃga dūmesi maha hiaaṃ"
937,"paccakkhamaṃtukāraa jaï cuṃbasi me ime haakavole
tā majjha piasahīe visesao kīsa taṇhāo"
938,"taïā maha gaṃḍatthalaṇimiaṃ diṭṭhiṃ ṇa ṇesi aṇṇatto
eṇhiṃ sa ccea ahaṃ te a kavolā ṇa sā diṭṭhī"
939,"tāṇa guṇaggahaṇāṇaṃ tāṇ' ukkaṃṭhāṇa tassa pemmassa
tāṇa bhaṇiāṇa suṃdara īrisaaṃ jāam avasāṇaṃ"
940,"aliakuviaṃ pi kaamaṃtuaṃ va maṃ jesu suhaa aṇuṇeṃto
tāṇa diahāṇa haraṇe ruāmi ṇa uṇo ahaṃ kuviā"
941,"āma tuha ṇā 'varāho piaama me loaṇāṇa iha doso
māṇāsahammi caḍulehi vāsio jehi hiaammi"
942,"ko suhaa tujjha doso haahiaaṃ ṇiṭṭhuraṃ majjha
pecchasi aṇimisaṇaaṇo jaṃpasi viṇaaṃ ṇa jaṃpase piṭṭhaṃ"
943,"vacca maha ccia ekkāĕ hoṃtu ṇīsāsaroiavvāi
mā tujjha vi tīĕ viṇā dakkhiṇṇahaassa jāṇīaṃtu"
944,"aṇuvattaṃto amhārisaṃ jaṇaṃ āhijāīe
ciṃtesi uṇo hiae aṇāhijāī suhaṃ jaaï"
945,"huṃ ṇillajja samosara taṃ cia aṇuṇesu jīĕ de eaṃ
pāaṃgụṭṭhālattaaraseṇa tilaaṃ viṇimmaviaṃ"
946,"sā vasaï tujjha hiae sa ccia acchīsu sā a siviṇesu
amhārisāṇa suṃdara oāso kattha pāvāṇa"
947,"taṇhā me tujjha piattaṇassa kaha taṃ ti ṇo hi jāṇāmo
de suhaa tumaṃ cia sikkhavesu jaha de piā homi"
948,"maliṇavasaṇāṇa kiavaṇiāṇaṃ āpaṃḍugaṃḍapālīṇaṃ
pupphavaïāṇa kāmo aṃgesu kaāuho vasaï"
949,"pupphavaïa mhi bālaa mā civasu adīharāuso hosi
ajjaṃ cea marijjaü maacchi kiṃ kālaharaṇeṇa"
950,"vāṇiaa hatthidaṃtā katto amhāṇa vagghakattīo
jāva luliālaamuhī gharammi parisakkae soṇhā"
951,"gaṇhaṃti piaamāṇa vaaṇāhi haṃsīŏ visalaaddhāi
hiaāi va kusumāuhabāṇakaāṇearaṃdhāi"
952,"haṃsāṇa sarehi sirī sārijjaï aha sarāṇa haṃsehi
aṇṇoṇṇaṃ cia ee appāṇaṃ ṇavara garuaṃti"
953,"aṇudiahakaābhoā jahajaha thaṇaā viṇiṃti kumarīe
tahataha laddhoāso vva vammaho hiaam āvisaï"
954,"kesā paṃḍurachāā asaīsaṃgeṇa camma jajjariaṃ
cittaṃ tuha sohaggaṃ godā dūittaṇaṃ kuṇaï"
955,"ṇiṇṇiddaṃ dobballaṃ ciṃtā alasattaṇaṃ saṇīsasiaṃ
maha maṃdabhāiṇīe kae sahi tumaṃ vi ahaha paribhavaï"
956,"ṇiadaïadaṃsaṇūsua paṃthia aṇṇeṇa vaccasu paheṇa
gharavaïdhūā dullaṃ ghavāurā ṭhāi haagāme"
957,"āsāiaṃ aṇṇāeṇa jettiaṃ tā tui ṇa bahuā dhiī
uvaramasu vusaha eṇhiṃ rakkhijjaï gehavaïkhettaṃ"
958,"ucciṇasu paḍiakusumaṃ mā dhuṇa sehāliaṃ haliasuṇhe
esa avasāṇaviraso sasureṇa suo valaasaddo"
959,"pavisaṃtī gharadāraṃ vivaliavaaṇā viloiūṇa pahaṃ
khaṃdhe mottūṇa ghaḍaṃ hāhā ṇaṭṭho tti ruasi sahi kiṃ ti"
960,"mā paṃtha ruṃdhasu paham abehi bālaa asesiahirīa
amhe aṇirikkāo suṇṇaṃ gharaaṃ va akkamasi"
961,"suvvaï samāgamissaï tujjha pio ajja paharametteṇa
emea kiṃ pi ciṭṭhasi tā sahi sajjesu karaṇijjaṃ"
962,"khaṇapāhuṇiā dearajāyā e suhaya kiṃ te de haṇidā
ruaï gharopaṃtaphaliṇigharammi aṇuṇijjaü varāī"
963,"pupphabharoṇamiabhūmigaasāhatarūṇa viṇṇavaṇaṃ
golāaḍaviaḍakuḍuṃgamahua..."
964,"gṛhiṇipraveśitajāre gṛhe gṛhe (gṛhiṇī) sthāpitā
militāvadati(asatī?)jārau paścād gṛhiṇī gṛhasthaś ca"
965,"ekkatto ruaï piā aṇṇatto samaratūraṇigghoso
pemmeṇa raṇaraseṇa a bhaḍassa ḍolāiaṃ hiaaṃ"
966,"kelīgottakkhalaṇe vikuppae keavaṃ aāṇaṃtī
duṭṭha uasu parihāsaṃ jāā saccaṃ cia paruṇṇā"
967,"de ā pasia ṇiattasu muhasasijoṇhāviluttatamaṇivahe
ahisāriāṇa vigghaṃ karesi aṇṇāṇa vi haāse"
968,"aṇṇaṃ lahuattaṇaaṃ aṇṇa ccia kāi vattaṇacchāā
sāmā sāmaṇṇapaāvaïṇo reha ccia ṇa hoi"
969,"alasasiromaṇi dhuttāṇa aggimo putti dhaṇasamiddhimao
ia bhaṇieṇa ṇaaṃgī papphullaviloaṇā jāā"
970,"ullollakaraaraaṇakkhaehi tuha loaṇesu maha diṇṇaṃ
rattaṃsuaṃ pasāo koveṇa puṇo ime ṇa akkamiā"
971,"e ehi dāva suṃdari kaṇṇaṃ dāūṇa suṇasu vaaṇijjaṃ
tujjha muheṇa kisoari caṃdo uamijjaï jaṇeṇa"
972,"eddahamettatthaṇiā eddahamettehi acchivattehiṃ
eddahamettāvatthā eddahamettehi diahehiṃ"
973,"karajuagahiajasoāthaṇamuhaviṇivesiāharapuḍassa
saṃbhariapaṃcajaṇṇassa ṇamaha kaṇhassa romaṃcaṃ"
974,"kā visamā devvagaī kiṃ dullabbhaṃ jaṇo guṇaggāhī
kiṃ sokkhaṃ sukalattaṃ kiṃ dukkhaṃ jaṃ khalo loo"
975,"kivaṇāṇa dhaṇaṃ ṇāāṇa phaṇamaṇī kesarāi sīhāṇaṃ
kulavāliāṇa a thaṇā katto jhiyyaṃti amuāṇaṃ"
976,"kesesu valāmoḍia teṇa samarammi jaassirī gahiā
jaha kaṃdarāhi vihurā tassa daḍhaṃ kaṃṭhaammi saṃṭhaviā"
977,"khalavavahārā dīsaṃti dāruṇā jaha vi taha vi dhīrāṇaṃ
hiaavaassavahumaā ṇa hu vavasāā vimujjhaṃti"
978,"jaṃ parihariuṃ tīraï maṇaṃ pi ṇa suṃdaraattaṇaguṇeṇa
aha ṇavaram assa doso paḍivacchehiṃ pi paḍivaṇṇo"
979,"jassa raṇaṃteurae kare kuṇaṃtassa maṃḍalaggalaaṃ
rasasammuhī vi sahasā parammuhī hoi riuseṇā"
980,"jassea vaṇo tassea veaṇā bhaṇaï taṃ jaṇo aliaṃ
daṃtakkhaaṃ kavole vahūĕ viaṇā savattīṇaṃ"
981,"jahā gahiro jahā raaṇaṇibbharo jaha a ṇimmalacchāo
taha kiṃ vihiṇā eso sabāṇio jalaṇihī ṇa kio"
982,"jā ṭheraṃ va hasaṃtī kaïvaaṇaṃvuruhavaddhaviṇivesā
dāvei bhuaṇamaṃḍalam aṇṇaṃ via (cia?) jaaï sā vāṇī"
983,"joṇhāi mahuraseṇa a viiṇṇatāruṇṇaücchuamaṇā sā
vuḍḍhā vi ṇavoḍha vva paravahū aha haraï tuha hiaaṃ"
984,"ṭuṃṭuṇṇaṃto marihisi kaṃṭaakaliāi keaïvaṇāiṃ
mālaïkusumasaricchaṃ bhamara bhamaṃto ṇa pāvihisi"
985,"ṇavapuṇṇimāmiaṃkassa suhaa ko taṃ si bhaṇasu maha saccaṃ
kā sohaggasamaggā paosaraaṇi vva tuha ajja"
986,"ṇihuaramaṇammi loaṇapahammi paḍie guruaṇamajjhammi
saalaparihārahiaā vaṇagamaṇaṃ cea mahaï vahū"
987,"taṃ tāṇa sirisahoararaaṇāharaṇammi hiaam ekkarasaṃ
viṃvāhare piāṇaṃ ṇivesiaṃ kusumavāṇeṇa"
988,"tālā jāaṃti guṇā jālā de sahiaehi gheppaṃti
raïkiraṇāṇugahiāi hoṃti kamalāi a kamalāiṃ"
989,"tuha vallahassa gosammi āsi aharo milāṇakamaladalo
ia ṇavavahuā soūṇa kuṇaï vaaṇaṃ mahīsamuhaṃ"
990,"maha desu rasaṃ dhamme tamavasam āsaṃ gamāgamā hara ṇe
haravahu saraṇaṃ taṃ cittamoham avasaraü me sahasā"
991,"rāīsu caṃdadhavalāsu laliam āphāliūṇa jo cāvaṃ
ekkacchattaṃ ccia kuṇaï bhuaṇarajjaṃ viaṃbhaṃto"
992,"lahiūṇa tujjha vāhupphaṃsaṃ jīe sa ko vi ullāso
jaalacchī tuha virahe ṇa hu 'jjalā duvvalāṇaṃ sā"
993,"vārijjaṃto vi uṇo saṃdāvakaatthieṇa hiaeṇa
thaṇaharavaassaeṇaṃ visuddhajāī ṇa calaï se hāro"
994,"saalakaraṇaparavīsāmasiriviaraṇaṃ ṇa sarasakavvassa
dīsaï aha va ṇisammaï sarisaṃ aṃsaṃsametteṇa"
995,"sahi ṇavaṇihuvaṇasamarammi aṃkavālīsahīĕ ṇiviḍāe
hāro ṇivārao ccia ucchīraṃto tadā kahaṃ ramiaṃ"
996,"so ṇa tthi ettha gāmo jo eaṃ mahamahaṃtalāaṇṇaṃ
taruṇāṇaṃ hiaaluḍiṃ parisakkaṃtiṃ ṇivārei"
997,"so suddhasāmalaṃgo dhammillo kalialaliaṇiadeho
tīe khaṃdhāhi valaṃ gahia saro suraasaṃgare jaaï"
998,"homi vahatthiareho ṇiraṃkuso aha vivearahio vi
siviṇe vi tumammi puṇo pattihi bhattiṃ ṇa sumarāmi"
999,"sajjei surahimāso ṇa āpaṇei juaïjaṇalakkhasahe
ahiṇaasahaāramuhe ṇaapallavapattaṇe aṇaṃgasare"
